phase,district,ac_no,ac_name_pdf,male_electors,female_electors,third_gender_electors,total_electors,female_share,male_share,ac_name,ac_name_results,winner_party,winner_candidate,winner_votes,winner_pct,runner_party,runner_candidate,runner_votes,runner_pct,margin_votes,margin_pct_points,winner_bloc,runner_bloc,voting_date,other_pct,base_aitc_bloc_pct,base_bjp_pct,base_left_cong_isf_bloc_pct,base_others_pct,is_close_seat,seat_size_band
1,Coochbehar,1,MEKLIGANJ (SC),116228,108183,2,224413,0.48207100301675926,0.5179200848435697,Mekliganj (SC),MEKLIGANJ (SC),AITC,Paresh Chandra Adhikary,99338,49.98,BJP,Dadhiram Ray,84653,42.59,14685,7.3899999999999935,AITC Bloc,BJP,10 April 2021,7.43,49.98,42.59,0.0,7.43,False,Medium
1,Coochbehar,2,MATHABHANGA (SC),129331,119425,1,248757,0.48008699252684345,0.5199089874857793,Mathabhanga (SC),MATHABHANGA (SC),BJP,Sushil Barman,113249,52.87,AITC,Girindra Nath Barman,87115,40.67,26134,12.199999999999996,BJP,AITC Bloc,10 April 2021,6.460000000000001,40.67,52.87,0.0,6.460000000000001,False,Large
1,Coochbehar,3,COOCHBEHAR UTTAR (SC),136255,126823,0,263078,0.4820737575928052,0.5179262424071949,Cooch Behar Uttar (SC),COOCH BEHAR UTTAR (SC),BJP,Sukumar Roy,120483,49.4,AITC,Binay Krishna Barman,105868,43.4,14615,6.0,BJP,AITC Bloc,10 April 2021,7.200000000000003,43.4,49.4,0.0,7.200000000000003,False,Very Large
1,Coochbehar,4,COOCHBEHAR DAKSHIN,109394,104570,4,213968,0.488717939131085,0.511263366484708,Cooch Behar Dakshin,COOCH BEHAR DAKSHIN,BJP,Nikhil Ranjan Dey,96629,46.83,AITC,Avijit De Bhowmik,91830,44.31,4799,2.519999999999996,BJP,AITC Bloc,10 April 2021,8.86,44.31,46.83,0.0,8.86,True,Small
1,Coochbehar,5,SITALKUCHI (SC),151129,134416,3,285548,0.4707299648395366,0.5292595290459047,Sitalkuchi (SC),SITALKUCHI (SC),BJP,Baren Chandra Barman,124955,50.8,AITC,Partha Pratim Ray,107140,43.56,17815,7.239999999999995,BJP,AITC Bloc,10 April 2021,5.640000000000001,43.56,50.8,0.0,5.640000000000001,False,Very Large
1,Coochbehar,6,SITAI (SC),143133,129993,0,273126,0.475945168164144,0.524054831835856,Sitai (SC),SITAI (SC),AITC,Jagadish Chandra Barma Basunia,117908,49.42,BJP,Dipak Kumar Roy,107796,45.18,10112,4.240000000000002,AITC Bloc,BJP,10 April 2021,5.399999999999999,49.42,45.18,0.0,5.399999999999999,True,Very Large
1,Coochbehar,7,DINHATA,143513,133778,0,277291,0.48244623878885357,0.5175537612111464,Dinhata,DINHATA,BJP,Nisith Pramanik,116035,47.6,AITC,Udayan Guha,115978,47.58,57,0.020000000000003126,BJP,AITC Bloc,10 April 2021,4.82,47.58,47.6,0.0,4.82,True,Very Large
1,Coochbehar,8,NATABARI,123248,116669,6,239923,0.4862768471551289,0.5136981448214636,Natabari,NATABARI,BJP,Mihir Goswami,111743,51.45,AITC,Rabindra Nath Ghosh,88303,40.66,23440,10.790000000000006,BJP,AITC Bloc,10 April 2021,7.890000000000001,40.66,51.45,0.0,7.890000000000001,False,Large
1,Coochbehar,9,TUFANGANJ,122055,115611,1,237667,0.48644111298581627,0.5135546794464524,Tufanganj,TUFANGANJ,BJP,Malati Rava Roy,114503,54.69,AITC,Pranab Kumar Dey,83305,39.79,31198,14.899999999999999,BJP,AITC Bloc,10 April 2021,5.520000000000003,39.79,54.69,0.0,5.520000000000003,False,Large
1,Alipurduar,10,KUMARGRAM (ST),134118,125375,3,259496,0.483148102475568,0.5168403366525881,Kumargram (ST),KUMARGRAM (ST),BJP,Manoj Kumar Oraon,111974,48.16,AITC,Leos Kujar,100973,43.43,11001,4.729999999999997,BJP,AITC Bloc,10 April 2021,8.410000000000004,43.43,48.16,0.0,8.410000000000004,True,Very Large
1,Alipurduar,11,KALCHINI (ST),109713,111742,2,221457,0.5045765092094627,0.49541445969194925,Kalchini (ST),KALCHINI (ST),BJP,Bishal Lama,103104,52.65,AITC,Pasang Lama,74528,38.06,28576,14.589999999999996,BJP,AITC Bloc,10 April 2021,9.29,38.06,52.65,0.0,9.29,False,Medium
1,Alipurduar,12,ALIPURDUARS,123903,120423,5,244331,0.4928682811432033,0.5071112548141661,Alipurduars,ALIPURDUARS,BJP,Suman Kanjilal,107333,48.19,AITC,Sourav Chakraborty,91326,41.0,16007,7.189999999999998,BJP,AITC Bloc,10 April 2021,10.810000000000002,41.0,48.19,0.0,10.810000000000002,False,Large
1,Alipurduar,13,FALAKATA (SC),126099,119160,5,245264,0.48584382542892557,0.5141357883749755,Falakata,FALAKATA,BJP,Dipak Barman,102993,46.71,AITC,Subhash Chanda Roy,99003,44.9,3990,1.8100000000000023,BJP,AITC Bloc,10 April 2021,8.39,44.9,46.71,0.0,8.39,True,Large
1,Alipurduar,14,MADARIHAT (ST),96262,97695,1,193958,0.5036915208447189,0.49630332339991134,Madarihat,MADARIHAT,BJP,Manoj Tigga,90718,54.35,AITC,Rajesh Lakra,61033,36.56,29685,17.79,BJP,AITC Bloc,10 April 2021,9.089999999999996,36.56,54.35,0.0,9.089999999999996,False,Small
1,Jalpaiguri,15,DHUPGURI (SC),133196,124925,6,258127,0.4839671944430455,0.5160095611849981,Dhupguri (SC),DHUPGURI (SC),BJP,Bishnu Pada Ray,104688,45.64,AITC,Mitali Roy,100333,43.75,4355,1.8900000000000006,BJP,AITC Bloc,17 April 2021,10.61,43.75,45.64,0.0,10.61,True,Very Large
1,Jalpaiguri,16,MAYNAGURI (SC),133769,124776,0,258545,0.48260844340443637,0.5173915565955637,Maynaguri (SC),MAYNAGURI (SC),BJP,Kaushik Roy,115306,48.84,AITC,Manoj Roy,103395,43.79,11911,5.050000000000004,BJP,AITC Bloc,17 April 2021,7.369999999999997,43.79,48.84,0.0,7.369999999999997,False,Very Large
1,Jalpaiguri,17,JALPAIGURI (SC),126563,123816,2,250381,0.4945103662019083,0.5054816459715393,Jalpaiguri (SC),JALPAIGURI (SC),AITC,Pradip Kumar Barma,95668,42.34,BJP,Sujit Singha,94727,41.93,941,0.4100000000000037,AITC Bloc,BJP,17 April 2021,15.729999999999997,42.34,41.93,0.0,15.729999999999997,True,Large
1,Jalpaiguri,18,RAJGANJ (SC),119299,111495,1,230795,0.4830910548322104,0.5169046123182911,Rajganj (SC),RAJGANJ (SC),AITC,Khageswar Roy,104641,48.5,BJP,Supen Roy,88868,41.19,15773,7.310000000000002,AITC Bloc,BJP,17 April 2021,10.310000000000002,48.5,41.19,0.0,10.310000000000002,False,Medium
1,Jalpaiguri,19,DABGRAM-PHULBARI,133222,131154,4,264380,0.4960813979877449,0.5039034722747561,Dabgram-Phulbari,DABGRAM-PHULBARI,BJP,Sikha Chatteree,129088,49.85,AITC,Goutam Deb,101495,39.19,27593,10.660000000000004,BJP,AITC Bloc,17 April 2021,10.96,39.19,49.85,0.0,10.96,False,Very Large
1,Jalpaiguri,20,MAL (ST),118926,118526,0,237452,0.49915772450853224,0.5008422754914678,Mal (ST),MAL (ST),AITC,Bulu Chik Baraik,99086,46.46,BJP,Mahesh Bagey,93621,43.9,5465,2.5600000000000023,AITC Bloc,BJP,17 April 2021,9.64,46.46,43.9,0.0,9.64,True,Large
1,Jalpaiguri,21,NAGRAKATA (ST),107824,112292,2,220118,0.510144558827538,0.48984635513679026,Nagrakata (ST),NAGRAKATA (ST),BJP,Puna Bhengra,70945,47.78,AITC,Joseph Munda,56543,38.08,14402,9.700000000000003,BJP,AITC Bloc,17 April 2021,14.14,38.08,47.78,0.0,14.14,False,Medium
1,Kalimpong,22,KALIMPONG,100846,100773,0,201619,0.49981896547448407,0.500181034525516,Kalimpong,KALIMPONG,GJM (Tamang),Ruden Sada Lepcha,58206,37.59,BJP,Suva Pradhan,54336,35.09,3870,2.5,AITC Bloc,BJP,17 April 2021,27.319999999999993,37.59,35.09,0.0,27.319999999999993,True,Small
1,Darjeeling,23,DARJEELING,103033,104681,2,207716,0.5039621406150706,0.4960282308536656,Darjeeling,DARJEELING,BJP,Neeraj Zimba,68907,40.88,GJM (Tamang),Keshav Raj Sharma,47631,28.26,21726,12.620000000000001,BJP,AITC Bloc,17 April 2021,30.859999999999996,28.26,40.88,0.0,30.859999999999996,False,Small
1,Darjeeling,24,KURSEONG,106014,110135,3,216152,0.5095257041341278,0.4904604167437729,Kurseong,KURSEONG,BJP,Bishnu Prasad Sharma,73475,41.86,GJM (Tamang),Tshering Lama Dahal,57960,33.02,15515,8.839999999999996,BJP,AITC Bloc,17 April 2021,25.119999999999997,33.02,41.86,0.0,25.119999999999997,False,Small
1,Darjeeling,25,MATIGARA-NAXALBARI (SC),133571,134906,3,268480,0.50248063170441,0.49750819427890347,Matigara-Naxalbari (SC),MATIGARA-NAXALBARI (SC),BJP,Anandamoy Barman,139785,58.1,AITC,Rajen Sundas,68454,28.65,70848,29.450000000000003,BJP,AITC Bloc,17 April 2021,13.25,28.65,58.1,0.0,13.25,False,Very Large
1,Darjeeling,26,SILIGURI,99920,100844,15,200779,0.5022636829548907,0.49766160803669707,Siliguri,SILIGURI,BJP,Shankar Ghosh,89370,50.03,AITC,Om Prakash Mishra,53784,30.11,35586,19.92,BJP,AITC Bloc,17 April 2021,19.86,30.11,50.03,0.0,19.86,False,Small
1,Darjeeling,27,PHANSIDEWA (ST),109526,107769,3,217298,0.49595026185238705,0.5040359322221097,Phansidewa (ST),PHANSIDEWA (ST),BJP,Durga Murmu,105651,50.89,AITC,Choton Kisku,77940,37.55,27711,13.340000000000003,BJP,AITC Bloc,17 April 2021,11.560000000000002,37.55,50.89,0.0,11.560000000000002,False,Small
1,Uttar Dinajpur,28,CHOPRA,120091,99140,5,219236,0.452206754365159,0.5477704391614516,Chopra,CHOPRA,AITC,Hamidul Rahaman,124923,61.2,BJP,Md. Shahin Akhtar,59604,29.4,65319,31.800000000000004,AITC Bloc,BJP,22 April 2021,9.399999999999999,61.2,29.4,0.0,9.399999999999999,False,Medium
1,Uttar Dinajpur,29,ISLAMPUR,107891,94318,8,202217,0.46641973721299396,0.5335407013258034,Islampur,ISLAMPUR,AITC,Abdul Karim Chowdhury,100131,58.91,BJP,Saumya Roop Mandal,62691,36.88,37440,22.029999999999994,AITC Bloc,BJP,22 April 2021,4.210000000000001,58.91,36.88,0.0,4.210000000000001,False,Small
1,Uttar Dinajpur,30,GOALPOKHAR,107310,92154,4,199468,0.46199891711953794,0.5379810295385726,Goalpokhar,GOALPOKHAR,AITC,Md. Ghulam Rabbani,105649,65.4,BJP,Gulam Sarwar,32135,19.89,73514,45.510000000000005,AITC Bloc,BJP,22 April 2021,14.709999999999994,65.4,19.89,0.0,14.709999999999994,False,Small
1,Uttar Dinajpur,31,CHAKULIA,114782,101311,2,216095,0.4688262106943705,0.5311645341169393,Chakulia,CHAKULIA,AITC,Minhajul Arfin Azad,86311,49.78,BJP,Sachin Prasad,52474,30.26,33837,19.52,AITC Bloc,BJP,22 April 2021,19.959999999999997,49.78,30.26,0.0,19.959999999999997,False,Small
1,Uttar Dinajpur,32,KARANDIGHI,121620,109975,4,231599,0.4748509276810349,0.525131801087224,Karandighi,KARANDIGHI,AITC,Goutam Pal,116594,54.7,BJP,Subhash Singha,79968,37.52,36626,17.18,AITC Bloc,BJP,22 April 2021,7.779999999999994,54.7,37.52,0.0,7.779999999999994,False,Medium
1,Uttar Dinajpur,33,HEMTABAD (SC),130939,115587,4,246530,0.46885571735691395,0.5311280574372287,Hemtabad (SC),HEMTABAD (SC),AITC,Satyajit Burman,116425,52.14,BJP,Chandima Roy,89210,39.95,27215,12.189999999999998,AITC Bloc,BJP,22 April 2021,7.909999999999997,52.14,39.95,0.0,7.909999999999997,False,Large
1,Uttar Dinajpur,34,KALIAGANJ (SC),140401,127867,13,268281,0.47661593627577054,0.5233356070687079,Kaliaganj (SC),KALIAGANJ (SC),BJP,Soumen Roy,116768,48.71,AITC,Tapan Dev Singha,94948,39.61,21820,9.100000000000001,BJP,AITC Bloc,22 April 2021,11.68,39.61,48.71,0.0,11.68,False,Very Large
1,Uttar Dinajpur,35,RAIGANJ,87504,86601,21,174126,0.49734674890596464,0.5025326487715792,Raiganj,RAIGANJ,BJP,Krishna Kalyani,79775,49.44,AITC,Kanaia Lal Agarwal,59027,36.58,20748,12.86,BJP,AITC Bloc,22 April 2021,13.980000000000004,36.58,49.44,0.0,13.980000000000004,False,Small
1,Uttar Dinajpur,36,ITAHAR,110488,100929,5,211422,0.477381729432131,0.522594621184172,Itahar,ITAHAR,AITC,Mosaraf Hossain,114645,59.1,BJP,Amit Kumar Kundu,70670,36.43,43975,22.67,AITC Bloc,BJP,22 April 2021,4.469999999999999,59.1,36.43,0.0,4.469999999999999,False,Small
1,Dakshin Dinajpur,37,KUSHMUNDI (SC),108310,97553,4,205867,0.4738641938727431,0.526116376106904,Kushmandi (SC),KUSHMANDI (SC),AITC,Rekha Roy,89968,48.88,BJP,Ranjit Kumar Roy,77384,42.08,12584,6.800000000000004,AITC Bloc,BJP,26 April 2021,9.04,48.88,42.08,0.0,9.04,False,Small
1,Dakshin Dinajpur,38,KUMARGANJ,93373,87008,4,180385,0.4823460930786928,0.5176317321285029,Kumarganj,KUMARGANJ,AITC,Toraf Hossain Mondal,89117,52.58,BJP,Manas Sarkar,59736,35.24,29381,17.339999999999996,AITC Bloc,BJP,26 April 2021,12.18,52.58,35.24,0.0,12.18,False,Small
1,Dakshin Dinajpur,39,BALURGHAT,84215,82683,14,166912,0.495368817101227,0.5045473063650306,Balurghat,BALURGHAT,BJP,Ashok Lahiri,70484,47.25,AITC,Sekhar Dasgupta,57585,38.6,12899,8.649999999999999,BJP,AITC Bloc,26 April 2021,14.149999999999999,38.6,47.25,0.0,14.149999999999999,False,Small
1,Dakshin Dinajpur,40,TAPAN (ST),99485,95426,3,194914,0.489580019906215,0.5104045886903968,Tapan (ST),TAPAN (ST),BJP,Budhrai Tudu,84381,45.29,AITC,Kalpana Kisku,82731,44.41,1650,0.8800000000000026,BJP,AITC Bloc,26 April 2021,10.300000000000004,44.41,45.29,0.0,10.300000000000004,True,Small
1,Dakshin Dinajpur,41,GANGARAMPUR (SC),103818,96318,10,200146,0.481238695752101,0.5187113407212735,Gangarampur (SC),GANGARAMPUR (SC),BJP,Satyendra Nath Ray,88724,46.82,AITC,Goutam Das,84132,44.4,4592,2.4200000000000017,BJP,AITC Bloc,26 April 2021,8.780000000000001,44.4,46.82,0.0,8.780000000000001,True,Small
1,Dakshin Dinajpur,42,HARIRAMPUR,108885,102402,8,211295,0.484639958352067,0.5153221798906742,Harirampur,HARIRAMPUR,AITC,Biplab Mitra,96131,51.23,BJP,Nilanjan Roy,73459,39.15,22672,12.079999999999998,AITC Bloc,BJP,26 April 2021,9.620000000000005,51.23,39.15,0.0,9.620000000000005,False,Small
1,Malda,43,HABIBPUR (ST),120886,117339,5,238230,0.4925450195189523,0.507433992360324,Habibpur (ST),HABIBPUR (ST),BJP,Joyel Murmu,94075,47.52,AITC,Prodip Baskey,74558,37.66,19517,9.860000000000007,BJP,AITC Bloc,26 April 2021,14.82,37.66,47.52,0.0,14.82,False,Large
1,Malda,44,GAZOLE (SC),129859,125223,3,255085,0.4909069525844326,0.5090812866299469,Gazole (SC),GAZOLE (SC),BJP,Chinmoy Deb Barman,100655,45.5,AITC,Basanti Barman,98857,44.69,1798,0.8100000000000023,BJP,AITC Bloc,26 April 2021,9.810000000000002,44.69,45.5,0.0,9.810000000000002,True,Very Large
1,Malda,45,CHANCHAL,126863,117560,5,244428,0.48095962819316934,0.5190199158852504,Chanchal,CHANCHAL,AITC,Nihar Ranjan Ghosh,115966,58.08,BJP,Dipankar Ram,48628,24.35,67338,33.73,AITC Bloc,BJP,26 April 2021,17.57,58.08,24.35,0.0,17.57,False,Large
1,Malda,46,HARISCHANDRA-PUR,126029,112818,3,238850,0.47233828762821856,0.5276491521875654,Harishchandrapur,HARISHCHANDRAPUR,AITC,Tajmul Hossain,122527,60.31,BJP,Matibur Rahaman,45054,22.18,77473,38.13,AITC Bloc,BJP,26 April 2021,17.509999999999998,60.31,22.18,0.0,17.509999999999998,False,Large
1,Malda,47,MALATIPUR,113524,99158,9,212691,0.46620684467137774,0.5337508404210803,Malatipur,MALATIPUR,AITC,Abdur Rahim Boxi,126157,68.02,BJP,Mousumi Das,34208,18.44,91949,49.58,AITC Bloc,BJP,26 April 2021,13.540000000000003,68.02,18.44,0.0,13.540000000000003,False,Small
1,Malda,48,RATUA,130127,116413,7,246547,0.47217366262822097,0.52779794521937,Ratua,RATUA,AITC,Samar Mukherjee,130674,59.63,BJP,Abhishek Singhania,55024,25.11,75650,34.52,AITC Bloc,BJP,26 April 2021,15.259999999999998,59.63,25.11,0.0,15.259999999999998,False,Large
1,Malda,49,MANICKCHAK,124739,111024,2,235765,0.47090959217865247,0.529081924797998,Manikchak,MANIKCHAK,AITC,Sabitri Mitra,110234,53.26,BJP,Gour Chandra Mandal,76356,36.89,33878,16.369999999999997,AITC Bloc,BJP,29 April 2021,9.850000000000001,53.26,36.89,0.0,9.850000000000001,False,Medium
1,Malda,50,MALDAHA (SC),117002,114341,5,231348,0.4942381174680568,0.5057402700693328,Maldaha,MALDAHA,BJP,Gopal Chandra Saha,93398,45.23,AITC,Ujjwal Kumar Chowdhury,77942,37.75,15456,7.479999999999997,BJP,AITC Bloc,29 April 2021,17.020000000000003,37.75,45.23,0.0,17.020000000000003,False,Medium
1,Malda,51,ENGLISH BAZAR,123959,125171,7,249137,0.5024183481377716,0.4975535548714161,English Bazar,ENGLISH BAZAR,BJP,Sreerupa Mitra Chaudhury,107755,49.96,AITC,Krishnendu Narayan Choudhury,87656,40.64,20099,9.32,BJP,AITC Bloc,29 April 2021,9.399999999999999,40.64,49.96,0.0,9.399999999999999,False,Large
1,Malda,52,MOTHABARI,86660,82681,6,169347,0.4882342173171063,0.5117303524715525,Mothabari,MOTHABARI,AITC,Yeasmin Sabina,97397,59.7,BJP,Shyamchand Ghosh,40824,25.02,56573,34.68000000000001,AITC Bloc,BJP,29 April 2021,15.279999999999998,59.7,25.02,0.0,15.279999999999998,False,Small
1,Malda,53,SUJAPUR,120729,115707,7,236443,0.4893653015737408,0.510605092982241,Sujapur,SUJAPUR,AITC,Md. Abdul Ghani,152445,73.44,INC,Isha Khan Choudhury,22282,10.73,130163,62.709999999999994,AITC Bloc,Left-Cong-ISF Bloc,29 April 2021,15.830000000000002,73.44,0.0,10.73,15.830000000000002,False,Large
1,Malda,54,BAISHNABNAGAR,121683,112174,8,233865,0.4796527911401877,0.5203130010903726,Baisnabnagar,BAISNABNAGAR,AITC,Chandana Sarkar,83061,39.81,BJP,Swadhin Kumar Sarkar,80590,38.62,2471,1.1900000000000048,AITC Bloc,BJP,29 April 2021,21.57,39.81,38.62,0.0,21.57,True,Medium
1,Murshidabad,55,FARAKKA,93170,88485,4,181659,0.487093950753885,0.5128840299682372,Farakka,FARAKKA,AITC,Manirul Islam,102319,54.89,BJP,Hemanta Ghosh,42374,22.73,59945,32.16,AITC Bloc,BJP,26 April 2021,22.38,54.89,22.73,0.0,22.38,False,Small
1,Murshidabad,56,SAMSERGANJ,78004,83430,1,161435,0.5168024282218849,0.48319137733453094,Samserganj[a][1][2][3],SAMSERGANJ[A][1][2][3],AITC,Amirul Islam,96417,51.13,INC,Zaidur Rahaman,70038,37.14,26379,13.990000000000002,AITC Bloc,Left-Cong-ISF Bloc,30 September 2021,11.729999999999997,51.13,0.0,37.14,11.729999999999997,False,Small
1,Murshidabad,57,SUTI,121353,107854,1,229208,0.4705507661163659,0.5294448710341698,Suti,SUTI,AITC,Emani Biswas,127351,58.87,BJP,Koushik Das,56650,26.19,70701,32.67999999999999,AITC Bloc,BJP,26 April 2021,14.940000000000001,58.87,26.19,0.0,14.940000000000001,False,Medium
1,Murshidabad,58,JANGIPUR,113009,107846,4,220859,0.4883024916349345,0.5116793972625069,Jangipur[a][4][5][3],JANGIPUR[A][4][5][3],AITC,Jakir Hossain,136444,68.82,BJP,Sujit Das,43964,22.17,92480,46.64999999999999,AITC Bloc,BJP,30 September 2021,9.010000000000005,68.82,22.17,0.0,9.010000000000005,False,Medium
1,Murshidabad,59,RAGHUNATHGANJ,103911,96541,0,200452,0.48161654660467346,0.5183834533953265,Raghunathganj,RAGHUNATHGANJ,AITC,Akhruzzaman,126834,66.59,BJP,Golam Modaswer,28521,14.97,98313,51.620000000000005,AITC Bloc,BJP,26 April 2021,18.439999999999998,66.59,14.97,0.0,18.439999999999998,False,Small
1,Murshidabad,60,SAGARDIGHI,113465,103508,4,216977,0.47704595417947526,0.522935610686847,Sagardighi,SAGARDIGHI,AITC,Subrata Saha,95189,50.95,BJP,Mafuja Khatun,44983,24.08,50206,26.870000000000005,AITC Bloc,BJP,26 April 2021,24.97,50.95,24.08,0.0,24.97,False,Small
1,Murshidabad,61,LALGOLA,94311,91868,3,186182,0.493431158758634,0.5065527279758516,Lalgola,LALGOLA,AITC,Mohammad Ali,107860,56.64,INC,Abu Hena,47153,24.76,60707,31.88,AITC Bloc,Left-Cong-ISF Bloc,26 April 2021,18.599999999999998,56.64,0.0,24.76,18.599999999999998,False,Small
1,Murshidabad,62,BHAGABAN GOLA,114659,109958,1,224618,0.48953334105013846,0.5104622069469054,Bhagabangola,BHAGABANGOLA,AITC,Idris Ali,153795,68.05,CPI(M),Md Kamal Hossain,47787,21.15,106008,46.9,AITC Bloc,Left-Cong-ISF Bloc,26 April 2021,10.800000000000004,68.05,0.0,21.15,10.800000000000004,False,Medium
1,Murshidabad,63,RANINAGAR,126493,117894,4,244391,0.48239910635007016,0.5175845264350979,Raninagar,RANINAGAR,AITC,Abdul Soumik Hossain,134957,60.79,INC,Firoza Begam,55255,24.89,79702,35.9,AITC Bloc,Left-Cong-ISF Bloc,26 April 2021,14.32,60.79,0.0,24.89,14.32,False,Large
1,Murshidabad,64,MURSHIDABAD,126372,121896,1,248269,0.49098357024034417,0.5090124018705517,Murshidabad,MURSHIDABAD,BJP,Gouri Shankar Ghosh,95967,41.86,AITC,Shaoni Singha Roy,93476,40.78,2491,1.0799999999999983,BJP,AITC Bloc,26 April 2021,17.36,40.78,41.86,0.0,17.36,True,Large
1,Murshidabad,65,NABAGRAM (SC),124325,118697,3,243025,0.48841477214278367,0.511572883448205,Nabagram (SC),NABAGRAM (SC),AITC,Kanai Chandra Mondal,100455,48.18,BJP,Mohan Halder,64922,31.14,35533,17.04,AITC Bloc,BJP,26 April 2021,20.68,48.18,31.14,0.0,20.68,False,Large
1,Murshidabad,66,KHARGRAM (SC),120073,110389,2,230464,0.47898587198000553,0.5210054498750347,Khargram (SC),KHARGRAM (SC),AITC,Ashis Marjit,93255,50.15,BJP,Aditya Moulik,60682,32.64,32573,17.509999999999998,AITC Bloc,BJP,29 April 2021,17.21,50.15,32.64,0.0,17.21,False,Medium
1,Murshidabad,67,BURWAN (SC),111612,102386,5,214003,0.47843254533814944,0.5215440905034041,Burwan (SC),BURWAN (SC),AITC,Jiban Krishna Saha,81890,46.32,BJP,Amiya Kumar Das,79141,44.76,2749,1.5600000000000023,AITC Bloc,BJP,29 April 2021,8.920000000000002,46.32,44.76,0.0,8.920000000000002,True,Small
1,Murshidabad,68,KANDI,120346,112675,3,233024,0.4835338849217248,0.5164532408678935,Kandi,KANDI,AITC,Apurba Sarkar,95399,51.16,BJP,Goutam Roy,57319,30.74,38080,20.419999999999998,AITC Bloc,BJP,29 April 2021,18.100000000000005,51.16,30.74,0.0,18.100000000000005,False,Medium
1,Murshidabad,69,BHARATPUR,124672,114508,4,239184,0.4787443976185698,0.5212388788547729,Bharatpur,BHARATPUR,AITC,Humayun Kabir,96226,50.9,BJP,Iman Kalyan Mukherjee,53143,28.11,43083,22.79,AITC Bloc,BJP,29 April 2021,20.990000000000002,50.9,28.11,0.0,20.990000000000002,False,Large
1,Murshidabad,70,REJINAGAR,133771,122490,6,256267,0.4779780463344871,0.5219985405846246,Rejinagar,REJINAGAR,AITC,Rabiul Alam Chowdhury,118494,56.31,BJP,Arabinda Biswas,50226,23.87,68268,32.44,AITC Bloc,BJP,29 April 2021,19.819999999999997,56.31,23.87,0.0,19.819999999999997,False,Very Large
1,Murshidabad,71,BELDANGA,126928,117052,4,243984,0.47975277067348676,0.5202308348088399,Beldanga,BELDANGA,AITC,SK Hasanuzzaman,112862,55.19,BJP,Sumit Ghosh,59030,28.86,53832,26.33,AITC Bloc,BJP,29 April 2021,15.950000000000003,55.19,28.86,0.0,15.950000000000003,False,Large
1,Murshidabad,72,BAHARAMPUR,118741,122079,10,240830,0.5069094381929161,0.49304903874102063,Baharampur,BAHARAMPUR,BJP,Subrata Maitra,89340,45.21,AITC,Naru Gopal Mukherjee,62488,31.62,26852,13.59,BJP,AITC Bloc,29 April 2021,23.169999999999998,31.62,45.21,0.0,23.169999999999998,False,Large
1,Murshidabad,73,HARIHARPARA,126586,118890,8,245484,0.4843085496407098,0.5156588616773394,Hariharpara,HARIHARPARA,AITC,Niamot Sheikh,102660,47.51,INC,Mir Alamgir,88594,41.0,14066,6.509999999999998,AITC Bloc,Left-Cong-ISF Bloc,29 April 2021,11.490000000000002,47.51,0.0,41.0,11.490000000000002,False,Large
1,Murshidabad,74,NOWDA,122837,112898,2,235737,0.4789150621243165,0.5210764538447508,Naoda,NAODA,AITC,Sahina Momtaz Khan,117684,58.16,BJP,Anupam Mandal,43531,21.51,74153,36.64999999999999,AITC Bloc,BJP,29 April 2021,20.330000000000002,58.16,21.51,0.0,20.330000000000002,False,Medium
1,Murshidabad,75,DOMKAL,137988,129383,3,267374,0.4839026980933075,0.5160860816683747,Domkal,DOMKAL,AITC,Jafikul Islam,127671,56.45,CPI(M),Md Mostafizur Rahaman,80442,35.57,47229,20.880000000000003,AITC Bloc,Left-Cong-ISF Bloc,29 April 2021,7.979999999999997,56.45,0.0,35.57,7.979999999999997,False,Very Large
1,Murshidabad,76,JALANGI,136138,126647,2,262787,0.4819378431962007,0.5180545460772412,Jalangi,JALANGI,AITC,Abdur Razzak,123840,55.74,CPI(M),Saiful Islam Molla,44564,20.06,79276,35.68000000000001,AITC Bloc,Left-Cong-ISF Bloc,29 April 2021,24.2,55.74,0.0,20.06,24.2,False,Very Large
2,Nadia,77,KARIMPUR,130536,122305,3,252844,0.48371723276012085,0.5162709022163864,Karimpur,KARIMPUR,AITC,Bimlendu Sinha Roy,110911,50.07,BJP,Samarendra Nath Ghosh,87336,39.43,23575,10.64,AITC Bloc,BJP,22 April 2021,10.5,50.07,39.43,0.0,10.5,False,Very Large
2,Nadia,78,TEHATTA,131243,121184,4,252431,0.4800678205133284,0.5199163335723426,Tehatta,TEHATTA,AITC,Tapas Kumar Saha,97848,44.86,BJP,Ashutosh Paul,90933,41.69,6915,3.1700000000000017,AITC Bloc,BJP,22 April 2021,13.450000000000003,44.86,41.69,0.0,13.450000000000003,True,Large
2,Nadia,79,PALASHIPARA,122063,109553,4,231620,0.47298592522234695,0.5269968051118211,Palashipara,PALASHIPARA,AITC,Dr. Manik Bhattacharya,110274,54.22,BJP,Bibhash Chandra Mandal,58938,28.98,51336,25.24,AITC Bloc,BJP,22 April 2021,16.8,54.22,28.98,0.0,16.8,False,Medium
2,Nadia,80,KALIGANJ,121552,110905,3,232460,0.4770928331756001,0.5228942613783016,Kaliganj,KALIGANJ,AITC,Nasiruddin Ahamed,111696,53.35,BJP,Abhijit Ghosh,64709,30.91,46987,22.44,AITC Bloc,BJP,22 April 2021,15.739999999999998,53.35,30.91,0.0,15.739999999999998,False,Medium
2,Nadia,81,NAKASHIPARA,115752,102914,3,218669,0.4706382706282098,0.5293480100059907,Nakashipara,NAKASHIPARA,AITC,Kallol Khan,104812,50.01,BJP,Santanu Dey,83541,39.86,21271,10.149999999999999,AITC Bloc,BJP,22 April 2021,10.130000000000003,50.01,39.86,0.0,10.130000000000003,False,Small
2,Nadia,82,CHAPRA,123420,108637,0,232057,0.46814791193542965,0.5318520880645703,Chapra,CHAPRA,AITC,Rukbanur Rahman,73866,34.65,IND,Jeber Sekh,61748,28.97,12118,5.68,AITC Bloc,Others,22 April 2021,36.379999999999995,34.65,0.0,0.0,65.35,False,Medium
2,Nadia,83,KRISHNANAGAR UTTAR,109610,106841,5,216456,0.49359223121558193,0.5063846694016336,Krishnanagar Uttar,KRISHNANAGAR UTTAR,BJP,Mukul Roy,109357,54.19,AITC,Koushani Mukherjee,74268,36.8,35089,17.39,BJP,AITC Bloc,22 April 2021,9.010000000000005,36.8,54.19,0.0,9.010000000000005,False,Small
2,Nadia,84,NABADWIP,118182,111826,3,230011,0.48617674806857064,0.5138102090769572,Nabadwip,NABADWIP,AITC,Pundarikakshya Saha,102170,48.52,BJP,Sidhartha Shankar Naskar,83599,39.7,18571,8.82,AITC Bloc,BJP,22 April 2021,11.779999999999994,48.52,39.7,0.0,11.779999999999994,False,Medium
2,Nadia,85,KRISHNANAGAR DAKSHIN,109405,100374,2,209781,0.47847040485077297,0.521520061397362,Krishnanagar Dakshin,KRISHNANAGAR DAKSHIN,AITC,Ujjal Biswas,91738,46.88,BJP,Mahadev Sarkar,82433,42.13,9305,4.75,AITC Bloc,BJP,22 April 2021,10.989999999999995,46.88,42.13,0.0,10.989999999999995,True,Small
2,Nadia,86,SANTIPUR,118363,109105,9,227477,0.4796309077401232,0.520329527820395,Santipur,SANTIPUR,BJP,Jagannath Sarkar,109722,49.94,AITC,Ajoy Dey,93844,42.72,15878,7.219999999999999,BJP,AITC Bloc,17 April 2021,7.340000000000003,42.72,49.94,0.0,7.340000000000003,False,Medium
2,Nadia,87,RANAGHAT UTTAR PASCHIM,119177,113531,8,232716,0.4878521459633201,0.5121134773715602,Ranaghat Uttar Paschim,RANAGHAT UTTAR PASCHIM,BJP,Parthasarathi Chatterjee,113637,50.91,AITC,Sankar Singha,90509,40.55,23128,10.36,BJP,AITC Bloc,17 April 2021,8.540000000000006,40.55,50.91,0.0,8.540000000000006,False,Medium
2,Nadia,88,KRISHNAGANJ,132520,120515,1,253036,0.476276103005106,0.523719944988065,Krishnaganj (SC),KRISHNAGANJ (SC),BJP,Ashis Kumar Biswas,117668,50.73,AITC,Dr. Tapas Mandal,96391,41.56,21277,9.169999999999995,BJP,AITC Bloc,17 April 2021,7.710000000000001,41.56,50.73,0.0,7.710000000000001,False,Very Large
2,Nadia,89,RANAGHAT UTTAR PURBA,122368,110022,9,232399,0.4734185603208275,0.5265427131786281,Ranaghat Uttar Purba (SC),RANAGHAT UTTAR PURBA (SC),BJP,Ashim Biswas,116786,54.39,AITC,Samir Kumar Poddar,85004,39.59,31782,14.799999999999997,BJP,AITC Bloc,17 April 2021,6.019999999999996,39.59,54.39,0.0,6.019999999999996,False,Medium
2,Nadia,90,RANAGHAT DAKSHIN,130916,122428,2,253346,0.4832442588396896,0.5167478468181854,Ranaghat Dakshin (SC),RANAGHAT DAKSHIN (SC),BJP,Mukut Mani Adhikari,119260,49.34,AITC,Barnali Dey Roy,102745,42.51,16515,6.830000000000005,BJP,AITC Bloc,17 April 2021,8.149999999999999,42.51,49.34,0.0,8.149999999999999,False,Very Large
2,Nadia,91,CHAKDAHA,115182,108796,3,223981,0.4857376295310763,0.5142489764756832,Chakdaha,CHAKDAHA,BJP,Bankim Chandra Ghosh,99368,46.86,AITC,Subhankar Singha,87688,41.35,11680,5.509999999999998,BJP,AITC Bloc,17 April 2021,11.79,41.35,46.86,0.0,11.79,False,Medium
2,Nadia,92,KALYANI,117783,112699,7,230489,0.4889560890107554,0.5110135407763494,Kalyani (SC),KALYANI (SC),BJP,Ambika Roy,97026,44.04,AITC,Aniruddha Biswas,94820,43.03,2206,1.009999999999998,BJP,AITC Bloc,17 April 2021,12.93,43.03,44.04,0.0,12.93,True,Medium
2,Nadia,93,HARINGHATA,116952,108152,5,225109,0.48044280770648884,0.5195349808315083,Haringhata (SC),HARINGHATA (SC),BJP,Asim Kumar Sarkar,97666,46.31,AITC,Nilima Nag,82466,39.11,15200,7.200000000000003,BJP,AITC Bloc,17 April 2021,14.579999999999998,39.11,46.31,0.0,14.579999999999998,False,Medium
2,North 24 Parganas,94,BAGDA,126236,114747,6,240989,0.4761503637095469,0.523824738888497,Bagda (SC),BAGDA (SC),BJP,Biswajit Das,108111,49.41,AITC,Paritosh Kumar Saha,98319,44.94,9792,4.469999999999999,BJP,AITC Bloc,22 April 2021,5.650000000000006,44.94,49.41,0.0,5.650000000000006,True,Large
2,North 24 Parganas,95,BANGAON UTTAR,116517,109424,21,225962,0.48425841513174783,0.5156486488878661,Bangaon Uttar (SC),BANGAON UTTAR (SC),BJP,Ashok Kirtania,97761,47.65,AITC,Shyamal Roy,87273,42.54,10488,5.109999999999999,BJP,AITC Bloc,22 April 2021,9.810000000000002,42.54,47.65,0.0,9.810000000000002,False,Medium
2,North 24 Parganas,96,BANGAON DAKSHIN,117928,110425,6,228359,0.48355878244343337,0.5164149431377787,Bangaon Dakshin (SC),BANGAON DAKSHIN (SC),BJP,Swapan Majumder,97828,47.07,AITC,Alo Rani Sarkar,95824,46.11,2004,0.9600000000000009,BJP,AITC Bloc,22 April 2021,6.82,46.11,47.07,0.0,6.82,True,Medium
2,North 24 Parganas,97,GAIGHATA,113921,108799,3,222723,0.48849467724482876,0.5114918531090188,Gaighata (SC),GAIGHATA (SC),BJP,Subrata Thakur,100808,47.27,AITC,Narottam Biswas,91230,42.78,9578,4.490000000000002,BJP,AITC Bloc,22 April 2021,9.949999999999996,42.78,47.27,0.0,9.949999999999996,True,Medium
2,North 24 Parganas,98,SWARUPNAGAR,119447,109516,2,228965,0.47830891184242136,0.5216823531980871,Swarupnagar (SC),SWARUPNAGAR (SC),AITC,Bina Mondal,99784,47.11,BJP,Brindaban Sarkar,64984,30.68,34800,16.43,AITC Bloc,BJP,22 April 2021,22.21,47.11,30.68,0.0,22.21,False,Medium
2,North 24 Parganas,99,BADURIA,122187,113971,4,236162,0.4825966921011848,0.5173863703728796,Baduria,BADURIA,AITC,Abdur Rahim Quazi,109701,51.53,BJP,Sukalyan Baidya,53257,25.02,56444,26.51,AITC Bloc,BJP,22 April 2021,23.45,51.53,25.02,0.0,23.45,False,Large
2,North 24 Parganas,100,HABRA,107658,101156,8,208822,0.4844125618948195,0.5155491279654443,Habra,HABRA,AITC,Jyotipriya Mallick,90533,44.34,BJP,Biswajit Sinha,86692,42.46,3841,1.8800000000000026,AITC Bloc,BJP,22 April 2021,13.199999999999996,44.34,42.46,0.0,13.199999999999996,True,Small
2,North 24 Parganas,101,ASHOKNAGAR,117314,112185,7,229506,0.4888107500457504,0.5111587496623182,Ashoknagar,ASHOKNAGAR,AITC,Narayan Goswami,93587,43.18,BJP,Tanuja Chakraborty,70055,32.32,23532,10.86,AITC Bloc,BJP,22 April 2021,24.5,43.18,32.32,0.0,24.5,False,Medium
2,North 24 Parganas,102,AMDANGA,115380,105823,4,221207,0.4783890202389617,0.5215928971506326,Amdanga,AMDANGA,AITC,Rafiqur Rahaman,88935,42.0,BJP,Joydev Manna,63455,29.97,25480,12.030000000000001,AITC Bloc,BJP,22 April 2021,28.03,42.0,29.97,0.0,28.03,False,Medium
2,North 24 Parganas,103,BIJPUR,80060,78032,4,158096,0.49357352494686774,0.506401173970246,Bijpur,BIJPUR,AITC,Subodh Adhikary,66625,47.9,BJP,Subhranshu Roy,53278,38.3,13347,9.600000000000001,AITC Bloc,BJP,22 April 2021,13.800000000000004,47.9,38.3,0.0,13.800000000000004,False,Small
2,North 24 Parganas,104,NAIHATI,85321,85251,9,170581,0.49976843845445856,0.5001788006870637,Naihati,NAIHATI,AITC,Partha Bhowmick,77753,49.69,BJP,Phalguni Patra,58898,37.64,18855,12.049999999999997,AITC Bloc,BJP,22 April 2021,12.670000000000002,49.69,37.64,0.0,12.670000000000002,False,Small
2,North 24 Parganas,105,BHATPARA,61817,55375,3,117195,0.47250309313537264,0.5274713085029225,Bhatpara,BHATPARA,BJP,Pawan Kumar Singh,57244,53.4,AITC,Jitendra Shaw,43557,40.63,13687,12.769999999999996,BJP,AITC Bloc,22 April 2021,5.969999999999999,40.63,53.4,0.0,5.969999999999999,False,Small
2,North 24 Parganas,106,JAGATDAL,99648,95971,11,195630,0.49057404283596584,0.5093697285692379,Jagatdal,JAGATDAL,AITC,Somenath Shyam Ichini,87030,48.01,BJP,Arindam Bhattacharya,68666,37.88,18364,10.129999999999995,AITC Bloc,BJP,22 April 2021,14.11,48.01,37.88,0.0,14.11,False,Small
2,North 24 Parganas,107,NOAPARA,107095,106628,4,213727,0.4988981270499282,0.5010831574859517,Noapara,NOAPARA,AITC,Manju Basu,94203,48.9,BJP,Sunil Singh,67493,35.04,26710,13.86,AITC Bloc,BJP,22 April 2021,16.060000000000002,48.9,35.04,0.0,16.060000000000002,False,Small
2,North 24 Parganas,108,BARRACKPUR,86097,84548,1,170646,0.49545843441979304,0.5045357054955873,Barrackpore,BARRACKPORE,AITC,Raj Chakraborty,68887,46.47,BJP,Chandramani Shukla,59665,40.25,9222,6.219999999999999,AITC Bloc,BJP,22 April 2021,13.280000000000001,46.47,40.25,0.0,13.280000000000001,False,Small
2,North 24 Parganas,109,KHARDAHA,104991,104857,7,209855,0.4996640537513998,0.500302589883491,Khardaha,KHARDAHA,AITC,Kajal Sinha,89807,49.04,BJP,Silbhadra Datta,61667,33.67,28140,15.369999999999997,AITC Bloc,BJP,22 April 2021,17.29,49.04,33.67,0.0,17.29,False,Small
2,North 24 Parganas,110,DUM DUM UTTAR,118324,122013,4,240341,0.5076661909536866,0.49231716602660386,Dum Dum Uttar,DUM DUM UTTAR,AITC,Chandrima Bhattacharya,95465,44.79,BJP,Dr. Archana Majumdar,66966,31.42,28499,13.369999999999997,AITC Bloc,BJP,22 April 2021,23.79,44.79,31.42,0.0,23.79,False,Large
2,North 24 Parganas,111,PANIHATI,93805,95905,4,189714,0.505524104704977,0.4944548109259201,Panihati,PANIHATI,AITC,Nirmal Ghosh,86495,49.61,BJP,Sanmoy Bandyopadhyay,61318,35.17,25177,14.439999999999998,AITC Bloc,BJP,17 April 2021,15.219999999999999,49.61,35.17,0.0,15.219999999999999,False,Small
2,North 24 Parganas,112,KAMARHATI,80693,81947,6,162646,0.503836553004685,0.49612655706257763,Kamarhati,KAMARHATI,AITC,Madan Mitra,73845,51.17,BJP,Anindya Banerjee,38437,26.64,35408,24.53,AITC Bloc,BJP,17 April 2021,22.189999999999998,51.17,26.64,0.0,22.189999999999998,False,Small
2,North 24 Parganas,113,BARANAGAR,90690,95847,4,186541,0.5138119769916533,0.48616658000117935,Baranagar,BARANAGAR,AITC,Tapas Roy,85615,53.42,BJP,Parno Mitra,50468,31.49,35147,21.930000000000003,AITC Bloc,BJP,17 April 2021,15.09,53.42,31.49,0.0,15.09,False,Small
2,North 24 Parganas,114,DUM DUM,105629,111908,4,217541,0.5144225686192487,0.4855590440422725,Dum Dum,DUM DUM,AITC,Bratya Basu,87999,47.48,BJP,Bimalshankar Nanda,61368,33.06,26731,14.419999999999995,AITC Bloc,BJP,17 April 2021,19.46,47.48,33.06,0.0,19.46,False,Small
2,North 24 Parganas,115,RAJARHAT NEW TOWN,136100,131541,4,267645,0.4914756487137813,0.5085094061163108,Rajarhat New Town,RAJARHAT NEW TOWN,AITC,Tapash Chatterjee,127374,54.22,BJP,Bhaskar Roy,70942,30.2,56432,24.02,AITC Bloc,BJP,17 April 2021,15.580000000000002,54.22,30.2,0.0,15.580000000000002,False,Very Large
2,North 24 Parganas,116,BIDHANNAGAR,98891,104979,7,203877,0.5149134036698597,0.48505226190301015,Bidhannagar,BIDHANNAGAR,AITC,Sujit Bose,75912,46.85,BJP,Sabyasachi Dutta,67915,41.91,7997,4.940000000000005,AITC Bloc,BJP,17 April 2021,11.240000000000002,46.85,41.91,0.0,11.240000000000002,True,Small
2,North 24 Parganas,117,RAJARHAT GOPALPUR,106453,112429,8,218890,0.5136324181095527,0.48633103385262005,Rajarhat Gopalpur,RAJARHAT GOPALPUR,AITC,Aditi Munshi,87650,49.04,BJP,Samik Bhattacharya,62354,34.89,25296,14.149999999999999,AITC Bloc,BJP,17 April 2021,16.07,49.04,34.89,0.0,16.07,False,Medium
2,North 24 Parganas,118,MADHYAMGRAM,123863,120618,4,244485,0.49335542057794957,0.5066282185001125,Madhyamgram,MADHYAMGRAM,AITC,Rathin Ghosh,112741,48.93,BJP,Rajasree Rajbanshi,64615,28.04,48126,20.89,AITC Bloc,BJP,17 April 2021,23.03,48.93,28.04,0.0,23.03,False,Large
2,North 24 Parganas,119,BARASAT,126025,126398,16,252439,0.5007071015175943,0.49922951683376976,Barasat,BARASAT,AITC,Chiranjeet Chakraborty,104431,46.27,BJP,Sankar Chatterjee,80648,35.73,23783,10.540000000000006,AITC Bloc,BJP,17 April 2021,18.0,46.27,35.73,0.0,18.0,False,Very Large
2,North 24 Parganas,120,DEGANGA,124607,115396,4,240007,0.48080264325623834,0.5191806905631919,Deganga,DEGANGA,AITC,Rahima Mondal,100105,46.7,ISF,Karim Ali,67568,31.52,32537,15.180000000000003,AITC Bloc,Left-Cong-ISF Bloc,17 April 2021,21.779999999999998,46.7,0.0,31.52,21.779999999999998,False,Large
2,North 24 Parganas,121,HAROA,127503,115892,5,243400,0.4761380443714051,0.5238414133114215,Haroa,HAROA,AITC,Islam Sk Nurul (Haji),130398,57.34,ISF,Kutubuddin Fathe,49420,21.73,80978,35.61,AITC Bloc,Left-Cong-ISF Bloc,17 April 2021,20.929999999999996,57.34,0.0,21.73,20.929999999999996,False,Large
2,North 24 Parganas,122,MINAKHAN,119376,102631,4,222011,0.46227889609073425,0.5377030867839881,Minakhan (SC),MINAKHAN (SC),AITC,Usha Rani Mondal,109818,51.72,BJP,Jayanta Mondal,53988,25.42,55830,26.299999999999997,AITC Bloc,BJP,17 April 2021,22.86,51.72,25.42,0.0,22.86,False,Medium
2,North 24 Parganas,123,SANDESHKHALI,117641,105623,5,223269,0.4730750798364305,0.526902525652912,Sandeshkhali (ST),SANDESHKHALI (ST),AITC,Sukumar Mahata,112450,54.64,BJP,Dr. Bhaskar Sardar,72765,35.36,39685,19.28,AITC Bloc,BJP,17 April 2021,10.0,54.64,35.36,0.0,10.0,False,Medium
2,North 24 Parganas,124,BASIRHAT DAKSHIN,132772,127583,6,260361,0.4900234674163949,0.5099534876575217,Basirhat Dakshin,BASIRHAT DAKSHIN,AITC,Dr. Saptarshi Banerjee,115873,49.15,BJP,Tarak Nath Ghosh,91405,38.77,24468,10.379999999999995,AITC Bloc,BJP,17 April 2021,12.079999999999998,49.15,38.77,0.0,12.079999999999998,False,Very Large
2,North 24 Parganas,125,BASIRHAT UTTAR,126777,118608,3,245388,0.4833488190131547,0.5166389554501443,Basirhat Uttar,BASIRHAT UTTAR,AITC,Rafikul Islam Mondal,137216,57.55,ISF,Md. Baijid Amin,47865,20.08,89351,37.47,AITC Bloc,Left-Cong-ISF Bloc,17 April 2021,22.370000000000005,57.55,0.0,20.08,22.370000000000005,False,Large
2,North 24 Parganas,126,HINGALGANJ,112034,103084,4,215122,0.47918855347198336,0.5207928524279246,Hingalganj (SC),HINGALGANJ (SC),AITC,Debes Mandal,104706,53.78,BJP,Nemai Das,79790,40.98,24916,12.800000000000004,AITC Bloc,BJP,17 April 2021,5.240000000000002,53.78,40.98,0.0,5.240000000000002,False,Small
2,South 24 Parganas,127,GOSABA,115665,105663,4,221332,0.47739594816836245,0.5225859794336111,Gosaba (SC),GOSABA (SC),AITC,Jayanta Naskar,105723,53.99,BJP,Barun Pramanik (Chitta),82014,41.88,23709,12.11,AITC Bloc,BJP,1 April 2021,4.1299999999999955,53.99,41.88,0.0,4.1299999999999955,False,Medium
2,South 24 Parganas,128,BASANTI,125989,114312,2,240303,0.47569942947029376,0.5242922477039405,Basanti (SC),BASANTI (SC),AITC,Shyamal Mondal,111453,52.1,BJP,Ramesh Majhi,60811,28.43,50642,23.67,AITC Bloc,BJP,6 April 2021,19.47,52.1,28.43,0.0,19.47,False,Large
2,South 24 Parganas,129,KULTALI,138128,123591,17,261736,0.47219717578017545,0.5277378732768897,Kultali (SC),KULTALI (SC),AITC,Ganesh Chandra Mondal,117238,51.57,BJP,Mintu Halder,70061,30.82,47177,20.75,AITC Bloc,BJP,6 April 2021,17.61,51.57,30.82,0.0,17.61,False,Very Large
2,South 24 Parganas,130,PATHARPRATIMA,135804,121898,2,257704,0.47301555272715984,0.526976686430944,Patharpratima,PATHARPRATIMA,AITC,Samir Kumar Jana,120181,51.85,BJP,Asit Kumar Haldar,98047,42.3,22134,9.550000000000004,AITC Bloc,BJP,1 April 2021,5.850000000000001,51.85,42.3,0.0,5.850000000000001,False,Very Large
2,South 24 Parganas,131,KAKDWIP,126170,115546,4,241720,0.4780158861492636,0.5219675657785868,Kakdwip,KAKDWIP,AITC,Manturam Pakhira,114493,52.14,BJP,Dipankar Jana,89191,40.62,25302,11.520000000000003,AITC Bloc,BJP,1 April 2021,7.240000000000002,52.14,40.62,0.0,7.240000000000002,False,Large
2,South 24 Parganas,132,SAGAR,143904,130199,0,274103,0.47500027361977065,0.5249997263802293,Sagar,SAGAR,AITC,Bankim Chandra Hazra,129000,53.96,BJP,Kamila Bikash,99154,41.48,29846,12.480000000000004,AITC Bloc,BJP,1 April 2021,4.560000000000002,53.96,41.48,0.0,4.560000000000002,False,Very Large
2,South 24 Parganas,133,KULPI,112797,103818,5,216620,0.47926322592558396,0.5207136921798541,Kulpi,KULPI,AITC,Jogaranjan Halder,96577,50.01,BJP,Pranab Kumar Mallik,62759,32.5,33818,17.509999999999998,AITC Bloc,BJP,6 April 2021,17.490000000000002,50.01,32.5,0.0,17.490000000000002,False,Small
2,South 24 Parganas,134,RAIDIGHI,139455,128386,5,267846,0.4793276733645453,0.5206536591922224,Raidighi,RAIDIGHI,AITC,Aloke Jaldata,115707,48.47,BJP,Santanu Bapuli,80139,33.57,35568,14.899999999999999,AITC Bloc,BJP,6 April 2021,17.96,48.47,33.57,0.0,17.96,False,Very Large
2,South 24 Parganas,135,MANDIRBAZAR,115580,106506,4,222090,0.4795623395920573,0.5204196496915665,Mandirbazar (SC),MANDIRBAZAR (SC),AITC,Joydeb Halder,95834,48.04,BJP,Dilip Kumar Jatua,72342,36.26,23492,11.780000000000001,AITC Bloc,BJP,6 April 2021,15.700000000000003,48.04,36.26,0.0,15.700000000000003,False,Medium
2,South 24 Parganas,136,JOYNAGAR,118512,108720,6,227238,0.4784411058009664,0.5215324901644971,Jaynagar (SC),JAYNAGAR (SC),AITC,Biswanath Das,104952,51.85,BJP,Rabin Sardar,66269,32.74,38683,19.11,AITC Bloc,BJP,6 April 2021,15.409999999999997,51.85,32.74,0.0,15.409999999999997,False,Medium
2,South 24 Parganas,137,BARUIPUR PURBA,126745,118350,11,245106,0.48285231695674524,0.5171028045009098,Baruipur Purba (SC),BARUIPUR PURBA (SC),AITC,Bivas Sardar (Vobo),123243,54.75,BJP,Chandan Mondal,73602,32.7,49641,22.049999999999997,AITC Bloc,BJP,6 April 2021,12.549999999999997,54.75,32.7,0.0,12.549999999999997,False,Large
2,South 24 Parganas,138,CANNING PASCHIM,123786,114439,11,238236,0.4803598112795715,0.5195940160177304,Canning Paschim (SC),CANNING PASCHIM (SC),AITC,Paresh Ram Das,111059,50.86,BJP,Arnab Roy,75816,34.72,35243,16.14,AITC Bloc,BJP,6 April 2021,14.420000000000002,50.86,34.72,0.0,14.420000000000002,False,Large
2,South 24 Parganas,139,CANNING PURBA,129566,117083,24,246673,0.474648623886684,0.5252540813141284,Canning Purba,CANNING PURBA,AITC,Saokat Molla,122301,52.54,ISF,Gazi Shahabuddin Siraji,69294,29.77,53007,22.77,AITC Bloc,Left-Cong-ISF Bloc,6 April 2021,17.69,52.54,0.0,29.77,17.69,False,Large
2,South 24 Parganas,140,BARUIPUR PASCHIM,116620,116455,22,233097,0.4995988794364578,0.5003067392544734,Baruipur Paschim,BARUIPUR PASCHIM,AITC,Biman Banerjee,121006,57.27,BJP,Debopam Chattopadhyaya (Babu),59096,27.97,61910,29.300000000000004,AITC Bloc,BJP,6 April 2021,14.759999999999998,57.27,27.97,0.0,14.759999999999998,False,Medium
2,South 24 Parganas,141,MAGRAHAT PURBA,122770,109817,2,232589,0.4721504456358641,0.5278409555052045,Magrahat Purba (SC),MAGRAHAT PURBA (SC),AITC,Namita Saha,110945,53.82,BJP,Chandan Kumar Naskar,56866,27.58,54079,26.240000000000002,AITC Bloc,BJP,6 April 2021,18.6,53.82,27.58,0.0,18.6,False,Medium
2,South 24 Parganas,142,MAGRAHAT PASCHIM,113942,103074,6,217022,0.47494724037194386,0.5250251126613892,Magrahat Paschim,MAGRAHAT PASCHIM,AITC,Gias Uddin Molla,97006,49.93,BJP,Dhurjati Saha (Manas),50065,25.77,46941,24.16,AITC Bloc,BJP,6 April 2021,24.3,49.93,25.77,0.0,24.3,False,Small
2,South 24 Parganas,143,DIAMOND HARBOUR,125553,119541,3,245097,0.4877293479724354,0.5122584119756668,Diamond Harbour,DIAMOND HARBOUR,AITC,Pannalal Halder,98478,43.69,BJP,Dipak Kumar Halder,81482,36.15,16996,7.539999999999999,AITC Bloc,BJP,6 April 2021,20.160000000000004,43.69,36.15,0.0,20.160000000000004,False,Large
2,South 24 Parganas,144,FALTA,121300,115135,9,236444,0.4869440544061173,0.5130178816125595,Falta,FALTA,AITC,Sankar Kumar Naskar,117179,56.35,BJP,Bidhan Parui,76405,36.75,40774,19.6,AITC Bloc,BJP,6 April 2021,6.899999999999999,56.35,36.75,0.0,6.899999999999999,False,Large
2,South 24 Parganas,145,SATGACHHIA,132022,124220,9,256251,0.4847590838669898,0.5152057943188514,Satgachia,SATGACHIA,AITC,Mohan Chandra Naskar,118635,50.37,BJP,Chandan Pal,95317,40.47,23318,9.899999999999999,AITC Bloc,BJP,6 April 2021,9.160000000000004,50.37,40.47,0.0,9.160000000000004,False,Very Large
2,South 24 Parganas,146,BISHNUPUR,137741,130512,13,268266,0.48650220303728386,0.5134493375977575,Bishnupur (South 24 Parganas) (SC),BISHNUPUR (SOUTH 24 PARGANAS) (SC),AITC,Dilip Mondal,136509,57.46,BJP,Agniswar Naskar,77677,32.7,58832,24.759999999999998,AITC Bloc,BJP,6 April 2021,9.839999999999996,57.46,32.7,0.0,9.839999999999996,False,Very Large
2,South 24 Parganas,147,SONARPUR DAKSHIN,128960,132016,17,260993,0.5058219952259256,0.49411286892751916,Sonarpur Dakshin,SONARPUR DAKSHIN,AITC,Arundhuti Maitra (Lovely),109222,46.92,BJP,Anjana Basu,83041,35.67,26181,11.25,AITC Bloc,BJP,10 April 2021,17.409999999999997,46.92,35.67,0.0,17.409999999999997,False,Very Large
2,South 24 Parganas,148,BHANGAR,142681,130016,14,272711,0.4767537796421853,0.5231948839614097,Bhangar[9],BHANGAR[9],ISF,Nawsad Siddique,109237,45.1,AITC,Karim Rezaul,83086,34.31,26151,10.79,Left-Cong-ISF Bloc,AITC Bloc,10 April 2021,20.589999999999996,34.31,0.0,45.1,20.589999999999996,False,Very Large
2,South 24 Parganas,149,KASBA,131451,134158,7,265616,0.5050825251490874,0.4948911210168062,Kasba,KASBA,AITC,Javed Ahmed Khan,121372,54.39,BJP,Dr. Indranil Khan,57750,25.88,63622,28.51,AITC Bloc,BJP,10 April 2021,19.73,54.39,25.88,0.0,19.73,False,Very Large
2,South 24 Parganas,150,JADAVPUR,124529,136288,4,260821,0.5225346118602413,0.4774500519513383,Jadavpur,JADAVPUR,AITC,Debabrata Majumdar (Malay),98100,45.54,CPI(M),Dr. Sujan Chakraborty,59231,27.5,38869,18.04,AITC Bloc,Left-Cong-ISF Bloc,10 April 2021,26.96,45.54,0.0,27.5,26.96,False,Very Large
2,South 24 Parganas,151,SONARPUR UTTAR,135666,137535,18,273219,0.5033873925312661,0.49654672625256663,Sonarpur Uttar,SONARPUR UTTAR,AITC,Firdousi Begum,119957,49.88,BJP,Ranjan Baidya,83867,34.87,36090,15.010000000000005,AITC Bloc,BJP,10 April 2021,15.25,49.88,34.87,0.0,15.25,False,Very Large
2,South 24 Parganas,152,TOLLYGANJ,110663,119323,8,229994,0.5188091863265998,0.48115603015730846,Tollygunge,TOLLYGUNGE,AITC,Aroop Biswas,101440,51.4,BJP,Babul Supriyo,51360,26.02,50080,25.38,AITC Bloc,BJP,10 April 2021,22.580000000000002,51.4,26.02,0.0,22.580000000000002,False,Medium
2,South 24 Parganas,153,BEHALA PURBA,126011,133735,6,259752,0.5148564784871724,0.4851204225569004,Behala Purba,BEHALA PURBA,AITC,Ratna Chatterjee,110968,50.01,BJP,Payel Sarkar,73540,33.15,37428,16.86,AITC Bloc,BJP,10 April 2021,16.840000000000003,50.01,33.15,0.0,16.840000000000003,False,Very Large
2,South 24 Parganas,154,BEHALA PASCHIM,128607,137562,4,266173,0.5168142523847272,0.4831707197950205,Behala Paschim,BEHALA PASCHIM,AITC,Partha Chatterjee,114778,49.51,BJP,Srabanti Chatterjee,63894,27.56,50884,21.95,AITC Bloc,BJP,10 April 2021,22.930000000000003,49.51,27.56,0.0,22.930000000000003,False,Very Large
2,South 24 Parganas,155,MAHESHTALA,122964,120390,11,243365,0.4946890473157603,0.505265753086927,Maheshtala,MAHESHTALA,AITC,Dulal Chandra Das,124008,56.38,BJP,Umesh Das,66059,30.03,57949,26.35,AITC Bloc,BJP,10 April 2021,13.589999999999996,56.38,30.03,0.0,13.589999999999996,False,Large
2,South 24 Parganas,156,BUDGE BUDGE,117406,112495,6,229907,0.48930654569021387,0.5106673568007933,Budge Budge,BUDGE BUDGE,AITC,Ashok Kumar Deb,122357,56.41,BJP,Dr. Tarun Kumar Adak,77643,35.8,44714,20.61,AITC Bloc,BJP,10 April 2021,7.790000000000006,56.41,35.8,0.0,7.790000000000006,False,Medium
2,South 24 Parganas,157,METIABURUZ,100723,88768,3,189494,0.4684475497904947,0.5315366185736752,Metiaburuz,METIABURUZ,AITC,Abdul Khaleque Molla,151066,76.85,BJP,Ramjit Prasad,31462,16.0,119604,60.849999999999994,AITC Bloc,BJP,10 April 2021,7.150000000000006,76.85,16.0,0.0,7.150000000000006,False,Small
2,Kolkata South,158,KOLKATA PORT,91335,80275,5,171615,0.4677621420039041,0.5322087230137226,Kolkata Port,KOLKATA PORT,AITC,Firhad Hakim,105543,69.23,BJP,Awadh Kishore Gupta,36989,24.26,68554,44.97,AITC Bloc,BJP,26 April 2021,6.5099999999999945,69.23,24.26,0.0,6.5099999999999945,False,Small
2,Kolkata South,159,BHABANIPUR,81108,79199,6,160313,0.49402730907661885,0.505935264139527,Bhabanipur,BHABANIPUR,AITC,Sobhandeb Chattopadhyay,73505,57.71,BJP,Rudranil Ghosh,44786,35.16,28719,22.550000000000004,AITC Bloc,BJP,26 April 2021,7.130000000000003,57.71,35.16,0.0,7.130000000000003,False,Small
2,Kolkata South,160,RASHBEHARI,76263,82137,6,158406,0.5185220256808454,0.481440096966024,Rashbehari,RASHBEHARI,AITC,Debasish Kumar,65704,52.79,BJP,Lt. Gen. (Dr.) Subrata Saha,44290,35.59,21414,17.199999999999996,AITC Bloc,BJP,26 April 2021,11.619999999999997,52.79,35.59,0.0,11.619999999999997,False,Small
2,Kolkata South,161,BALLYGUNGE,96205,92627,7,188839,0.4905077870566991,0.5094551443292964,Ballygunge,BALLYGUNGE,AITC,Subrata Mukherjee,106585,70.6,BJP,Lokenath Chatterjee,31226,20.68,75359,49.919999999999995,AITC Bloc,BJP,26 April 2021,8.720000000000006,70.6,20.68,0.0,8.720000000000006,False,Small
2,Kolkata North,162,CHOWRANGEE,67355,58989,5,126349,0.466873501175316,0.5330869258957333,Chowrangee,CHOWRANGEE,AITC,Nayna Bandyopadhyay,70101,62.87,BJP,Devdutta Maji,24757,22.2,45344,40.67,AITC Bloc,BJP,29 April 2021,14.930000000000003,62.87,22.2,0.0,14.930000000000003,False,Small
2,Kolkata North,163,ENTALLY,91760,87109,8,178877,0.48697708481246893,0.5129781917183316,Entally,ENTALLY,AITC,Swarna Kamal Saha,101709,64.83,BJP,Priyanka Tibrewal,43452,27.7,58257,37.129999999999995,AITC Bloc,BJP,29 April 2021,7.470000000000002,64.83,27.7,0.0,7.470000000000002,False,Small
2,Kolkata North,164,BELEGHATA,97037,93556,6,190599,0.49085252283590153,0.5091159974606373,Beleghata,BELEGHATA,AITC,Paresh Paul,103182,65.1,BJP,Kashinath Biswas,36042,22.74,67140,42.36,AITC Bloc,BJP,29 April 2021,12.160000000000007,65.1,22.74,0.0,12.160000000000007,False,Small
2,Kolkata North,165,JORASANKO,65654,57032,0,122686,0.4648615163914383,0.5351384836085616,Jorasanko,JORASANKO,AITC,Vivek Gupta,52123,52.67,BJP,Meena Devi Purohit,39380,39.8,12743,12.870000000000005,AITC Bloc,BJP,29 April 2021,7.530000000000001,52.67,39.8,0.0,7.530000000000001,False,Small
2,Kolkata North,166,SHYAMPUKUR,66449,65363,7,131819,0.49585416366381174,0.5040927332175179,Shyampukur,SHYAMPUKUR,AITC,Dr. Shashi Panja,55785,54.18,BJP,Sandipan Biswas,33265,32.31,22520,21.869999999999997,AITC Bloc,BJP,29 April 2021,13.509999999999998,54.18,32.31,0.0,13.509999999999998,False,Small
2,Kolkata North,167,MANIKTOLA,83022,82876,8,165906,0.4995358817643726,0.5004158981591986,Maniktala,MANIKTALA,AITC,Sadhan Pande,67577,50.82,BJP,Kalyan Chaubey,47339,35.6,20238,15.219999999999999,AITC Bloc,BJP,29 April 2021,13.579999999999998,50.82,35.6,0.0,13.579999999999998,False,Small
2,Kolkata North,168,KASHIPUR-BELGACHHIA,85715,82219,2,167936,0.4895853182164634,0.5104027724847561,Kashipur-Belgachia,KASHIPUR-BELGACHIA,AITC,Atin Ghosh,76182,56.48,BJP,Sibaji Sinha Roy,40792,30.24,35390,26.24,AITC Bloc,BJP,29 April 2021,13.280000000000005,56.48,30.24,0.0,13.280000000000005,False,Small
2,Howrah,169,BALLY,68826,64743,4,133573,0.48470124950401655,0.5152688043242272,Bally,BALLY,AITC,Rana Chatterjee,53347,42.38,BJP,Baishali Dalmiya,47110,37.43,6237,4.950000000000003,AITC Bloc,BJP,10 April 2021,20.189999999999998,42.38,37.43,0.0,20.189999999999998,True,Small
2,Howrah,170,HOWRAH UTTAR,78911,71029,8,149948,0.473690879504895,0.5262557686664711,Howrah Uttar,HOWRAH UTTAR,AITC,Gautam Chowdhuri,71575,47.81,BJP,Umesh Rai,66053,44.12,5522,3.690000000000005,AITC Bloc,BJP,10 April 2021,8.07,47.81,44.12,0.0,8.07,True,Small
2,Howrah,171,HOWRAH MADHYA,109112,105707,2,214821,0.4920701421183218,0.5079205478049167,Howrah Madhya,HOWRAH MADHYA,AITC,Arup Roy,111554,57.16,BJP,Sanjay Singh,65007,33.31,46547,23.849999999999994,AITC Bloc,BJP,10 April 2021,9.530000000000001,57.16,33.31,0.0,9.530000000000001,False,Small
2,Howrah,172,SHIBPUR,96193,98766,4,194963,0.5065884295994625,0.49339105368710984,Shibpur,SHIBPUR,AITC,Manoj Tiwary,92372,50.69,BJP,Rathin Chakrabarty,59769,32.8,32603,17.89,AITC Bloc,BJP,10 April 2021,16.510000000000005,50.69,32.8,0.0,16.510000000000005,False,Small
2,Howrah,173,HOWRAH DAKSHIN,121230,119375,2,240607,0.4961410100288022,0.5038506776610822,Howrah Dakshin,HOWRAH DAKSHIN,AITC,Nandita Chowdhury,116839,53.85,BJP,Rantidev Sengupta,66270,30.55,50569,23.3,AITC Bloc,BJP,10 April 2021,15.599999999999998,53.85,30.55,0.0,15.599999999999998,False,Large
2,Howrah,174,SANKRAIL,123503,116742,7,240252,0.4859147894710554,0.5140560744551554,Sankrail (SC),SANKRAIL (SC),AITC,Priya Paul,111888,50.37,BJP,Probhakar Pandit,71461,32.17,40427,18.199999999999996,AITC Bloc,BJP,10 April 2021,17.46,50.37,32.17,0.0,17.46,False,Large
2,Howrah,175,PANCHLA,130039,118455,3,248497,0.47668583524147173,0.5233020921781751,Panchla,PANCHLA,AITC,Gulsan Mullick,104572,48.19,BJP,Mohit Lal Ghanti,71821,33.1,32751,15.089999999999996,AITC Bloc,BJP,10 April 2021,18.71,48.19,33.1,0.0,18.71,False,Large
2,Howrah,176,ULUBERIA PURBA,111655,106817,9,218481,0.4889075022542006,0.5110513042324046,Uluberia Purba,ULUBERIA PURBA,AITC,Bidesh Ranjan Bose,86526,44.83,BJP,Pratyush Mandal,69400,35.95,17126,8.879999999999995,AITC Bloc,BJP,10 April 2021,19.22,44.83,35.95,0.0,19.22,False,Small
2,Howrah,177,ULUBERIA UTTAR,112157,102511,3,214671,0.47752607478420467,0.5224599503426173,Uluberia Uttar (SC),ULUBERIA UTTAR (SC),AITC,Dr. Nirmal Maji,91501,49.25,BJP,Chiran Bera,70498,37.95,21003,11.299999999999997,AITC Bloc,BJP,6 April 2021,12.799999999999997,49.25,37.95,0.0,12.799999999999997,False,Small
2,Howrah,178,ULUBERIA DAKSHIN,122513,114530,14,237057,0.48313274866382344,0.5168081938099276,Uluberia Dakshin,ULUBERIA DAKSHIN,AITC,Pulak Roy,101880,50.37,BJP,Papia Dey (Adhikary),73442,36.31,28438,14.059999999999995,AITC Bloc,BJP,6 April 2021,13.32,50.37,36.31,0.0,13.32,False,Large
2,Howrah,179,SHYAMPUR,132356,126919,3,259278,0.4895093297541635,0.5104790996536536,Shyampur,SHYAMPUR,AITC,Kalipada Mandal,114804,51.74,BJP,Tanusree Chakraborty,83293,37.54,31511,14.200000000000003,AITC Bloc,BJP,6 April 2021,10.719999999999999,51.74,37.54,0.0,10.719999999999999,False,Very Large
2,Howrah,180,BAGNAN,117902,112672,4,230578,0.4886502615167102,0.5113323907744884,Bagnan,BAGNAN,AITC,Arunava Sen (Raja),106042,53.04,BJP,Anupam Mallik,75922,37.97,30120,15.07,AITC Bloc,BJP,6 April 2021,8.990000000000002,53.04,37.97,0.0,8.990000000000002,False,Medium
2,Howrah,181,AMTA,132837,124140,5,256982,0.48306885307142133,0.5169116903129402,Amta,AMTA,AITC,Sukanta Kumar Paul,102445,49.06,BJP,Debtanu Bhattacharya,76240,36.51,26205,12.550000000000004,AITC Bloc,BJP,6 April 2021,14.43,49.06,36.51,0.0,14.43,False,Very Large
2,Howrah,182,UDAYNARAYANPUR,117276,111815,0,229091,0.48808115552335096,0.511918844476649,Udaynarayanpur,UDAYNARAYANPUR,AITC,Samir Kumar Panja,101510,51.21,BJP,Sumit Ranjan Karar,87512,44.15,13998,7.060000000000002,AITC Bloc,BJP,6 April 2021,4.640000000000001,51.21,44.15,0.0,4.640000000000001,False,Medium
2,Howrah,183,JAGATBALLAVPUR,139266,131534,6,270806,0.4857130196524449,0.5142648242653413,Jagatballavpur,JAGATBALLAVPUR,AITC,Sitanath Ghosh,116562,49.45,BJP,Anupam Ghosh,87366,37.06,29196,12.39,AITC Bloc,BJP,6 April 2021,13.489999999999995,49.45,37.06,0.0,13.489999999999995,False,Very Large
2,Howrah,184,DOMJUR,136227,133003,6,269236,0.4940015451128378,0.5059761696058477,Domjur,DOMJUR,AITC,Kalyan Ghosh,130499,52.0,BJP,Rajib Banerjee,87879,35.01,42620,16.990000000000002,AITC Bloc,BJP,10 April 2021,12.990000000000002,52.0,35.01,0.0,12.990000000000002,False,Very Large
2,Hooghly,185,UTTARPARA,112794,115473,5,228272,0.5058570477325296,0.4941210485736315,Uttarpara,UTTARPARA,AITC,Kanchan Mullick,93878,46.96,BJP,Prabir Kumar Ghosal,57889,28.96,35989,18.0,AITC Bloc,BJP,10 April 2021,24.08,46.96,28.96,0.0,24.08,False,Medium
2,Hooghly,186,SREERAMPUR,104186,101472,4,205662,0.4933920704845815,0.506588480127588,Sreerampur,SREERAMPUR,AITC,Dr. Sudipto Roy,93021,49.46,BJP,Kabir Shankar Bose,69588,37.0,23433,12.46,AITC Bloc,BJP,10 April 2021,13.54,49.46,37.0,0.0,13.54,False,Small
2,Hooghly,187,CHAMPDANI,110910,111032,10,221952,0.5002523068050749,0.4997026384083045,Champdani,CHAMPDANI,AITC,Arindam Guin (Bubai),100972,50.2,BJP,Dilip Singh,70894,35.25,30078,14.950000000000003,AITC Bloc,BJP,10 April 2021,14.549999999999997,50.2,35.25,0.0,14.549999999999997,False,Medium
2,Hooghly,188,SINGUR,119289,118093,6,237388,0.4974682797782533,0.5025064451446577,Singur,SINGUR,AITC,Becharam Manna,101077,48.15,BJP,Rabindranath Bhattacharya,75154,35.8,25923,12.350000000000001,AITC Bloc,BJP,10 April 2021,16.050000000000004,48.15,35.8,0.0,16.050000000000004,False,Large
2,Hooghly,189,CHANDANNAGAR,100183,103262,6,203451,0.5075521870130891,0.49241832185636836,Chandannagar,CHANDANNAGAR,AITC,Indranil Sen,86778,47.63,BJP,Deepanjan Kumar Guha,55749,30.6,31029,17.03,AITC Bloc,BJP,10 April 2021,21.769999999999996,47.63,30.6,0.0,21.769999999999996,False,Small
2,Hooghly,190,CHUNCHURA,136134,139570,11,275715,0.5062111238053787,0.49374897992492245,Chunchura,CHUNCHURA,AITC,Asit Mazumder (Tapan),117104,45.97,BJP,Locket Chatterjee,98687,38.74,18417,7.229999999999997,AITC Bloc,BJP,10 April 2021,15.29,45.97,38.74,0.0,15.29,False,Very Large
2,Hooghly,191,BALAGARH,122092,117990,6,240088,0.4914448035720236,0.5085302055912831,Balagarh (SC),BALAGARH (SC),AITC,Manoranjan Byapari,100364,45.63,BJP,Subhas Chandra Haldar,94580,43.0,5784,2.6300000000000026,AITC Bloc,BJP,10 April 2021,11.369999999999997,45.63,43.0,0.0,11.369999999999997,True,Large
2,Hooghly,192,PANDUA,124729,124345,7,249081,0.4992151147618646,0.5007567819303761,Pandua,PANDUA,AITC,Dr. Ratna De Nag,102874,45.99,BJP,Partha Sharma,71016,31.75,31858,14.240000000000002,AITC Bloc,BJP,10 April 2021,22.259999999999998,45.99,31.75,0.0,22.259999999999998,False,Large
2,Hooghly,193,SAPTAGRAM,106484,103881,5,210370,0.4938013975376717,0.50617483481485,Saptagram,SAPTAGRAM,AITC,Tapan Dasgupta,93328,48.56,BJP,Debabrata Biswas,83556,43.48,9772,5.080000000000005,AITC Bloc,BJP,10 April 2021,7.960000000000001,48.56,43.48,0.0,7.960000000000001,False,Small
2,Hooghly,194,CHANDITALA,125034,121506,3,246543,0.49283897737919957,0.5071488543580633,Chanditala,CHANDITALA,AITC,Swati Khandoker,103118,49.79,BJP,Yash Dasgupta,61771,29.83,41347,19.96,AITC Bloc,BJP,10 April 2021,20.380000000000003,49.79,29.83,0.0,20.380000000000003,False,Large
2,Hooghly,195,JANGIPARA,128123,122942,4,251069,0.489674153320402,0.5103099148042968,Jangipara,JANGIPARA,AITC,Snehasis Chakraborty,101885,48.42,BJP,Debjit Sarkar,83959,39.9,17926,8.520000000000003,AITC Bloc,BJP,6 April 2021,11.68,48.42,39.9,0.0,11.68,False,Large
2,Hooghly,196,HARIPAL,133319,130853,3,264175,0.49532696129459636,0.5046616825967635,Haripal,HARIPAL,AITC,Dr. Karabi Manna,110215,49.92,BJP,Samiran Mitra,87143,39.47,23072,10.450000000000003,AITC Bloc,BJP,6 April 2021,10.61,49.92,39.47,0.0,10.61,False,Very Large
2,Hooghly,197,DHANEKHALI,131462,131225,2,262689,0.49954508944036485,0.5004472969937835,Dhanekhali (SC),DHANEKHALI (SC),AITC,Asima Patra,124776,53.36,BJP,Tusar Kumar Majumdar,94617,40.46,30159,12.899999999999999,AITC Bloc,BJP,6 April 2021,6.18,53.36,40.46,0.0,6.18,False,Very Large
2,Hooghly,198,TARAKESWAR,118073,117363,5,235441,0.49848157287813083,0.5014971903789059,Tarakeswar,TARAKESWAR,AITC,Ramendu Sinharay,96698,46.96,BJP,Dr. Swapan Dasgupta,89214,43.33,7484,3.6300000000000026,AITC Bloc,BJP,6 April 2021,9.71,46.96,43.33,0.0,9.71,True,Medium
2,Hooghly,199,PURSURAH,132393,127196,1,259590,0.489988058091606,0.5100080896798798,Pursurah,PURSURAH,BJP,Biman Ghosh,119334,53.5,AITC,Dilip Yadav,91156,40.86,28178,12.64,BJP,AITC Bloc,6 April 2021,5.640000000000001,40.86,53.5,0.0,5.640000000000001,False,Very Large
2,Hooghly,200,ARAMBAG,128700,124558,2,253260,0.4918186843559978,0.5081734186211798,Arambagh (SC),ARAMBAGH (SC),BJP,Madhusudan Bag,103108,46.88,AITC,Sujata Mondal,95936,43.62,7172,3.260000000000005,BJP,AITC Bloc,6 April 2021,9.5,43.62,46.88,0.0,9.5,True,Very Large
2,Hooghly,201,GOGHAT,126697,121378,1,248076,0.4892774794820942,0.5107184894951547,Goghat (SC),GOGHAT (SC),BJP,Biswanath Karak,102227,46.56,AITC,Manas Majumdar,98080,44.67,4147,1.8900000000000006,BJP,AITC Bloc,6 April 2021,8.769999999999996,44.67,46.56,0.0,8.769999999999996,True,Large
2,Hooghly,202,KHANAKUL,138468,130098,4,268570,0.48441002345757156,0.5155750828461854,Khanakul,KHANAKUL,BJP,Susanta Ghosh,107403,49.27,AITC,Munsi Nazbul Karim,94519,43.36,12884,5.910000000000004,BJP,AITC Bloc,6 April 2021,7.369999999999997,43.36,49.27,0.0,7.369999999999997,False,Very Large
1,Purbo Medinipur,203,TAMLUK,139883,134618,7,274508,0.4903973654684016,0.5095771343640259,Tamluk,TAMLUK,AITC,Saumen Kumar Mahapatra,108243,45.86,BJP,Hare Krishna Bera,107450,45.52,793,0.3399999999999963,AITC Bloc,BJP,1 April 2021,8.619999999999997,45.86,45.52,0.0,8.619999999999997,True,Very Large
1,Purbo Medinipur,204,PANSKURA PURBA,122702,115811,6,238519,0.4855420322909286,0.5144328124803474,Panskura Purba,PANSKURA PURBA,AITC,Biplab Roy Chowdhury,91213,45.97,BJP,Debabrata Pattanayek,81553,41.11,9660,4.859999999999999,AITC Bloc,BJP,1 April 2021,12.920000000000002,45.97,41.11,0.0,12.920000000000002,True,Large
1,Purbo Medinipur,205,PANSKURA PASCHIM,143192,135551,1,278744,0.4862920816232816,0.513704330855552,Panskura Paschim,PANSKURA PASCHIM,AITC,Phiroja Bibi,111705,47.71,BJP,Sintu Senapati,102816,43.91,8889,3.8000000000000043,AITC Bloc,BJP,1 April 2021,8.380000000000003,47.71,43.91,0.0,8.380000000000003,True,Very Large
1,Purbo Medinipur,206,MOYNA,137302,127667,2,264971,0.48181499107449494,0.5181774609296866,Moyna,MOYNA,BJP,Ashoke Dinda,108109,48.17,AITC,Sangram Kumar Dolai,106849,47.61,1260,0.5600000000000023,BJP,AITC Bloc,1 April 2021,4.219999999999999,47.61,48.17,0.0,4.219999999999999,True,Very Large
1,Purbo Medinipur,207,NANDAKUMAR,136102,128332,3,264437,0.48530273751403924,0.5146859176287736,Nandakumar,NANDAKUMAR,AITC,Sukumar De,108181,47.6,BJP,Nilanjan Adhikary,102775,45.22,5406,2.3800000000000026,AITC Bloc,BJP,1 April 2021,7.18,47.6,45.22,0.0,7.18,True,Very Large
1,Purbo Medinipur,208,MAHISADAL,129878,123643,2,253523,0.48769934088820344,0.5122927702811974,Mahisadal,MAHISADAL,AITC,Tilak Kumar Chakraborty,101986,46.49,BJP,Biswanath Banerjee,99600,45.41,2386,1.0800000000000054,AITC Bloc,BJP,1 April 2021,8.100000000000001,46.49,45.41,0.0,8.100000000000001,True,Very Large
1,Purbo Medinipur,209,HALDIA (SC),129419,122487,13,251919,0.4862158074619223,0.5137325886495262,Haldia (SC),HALDIA (SC),BJP,Tapasi Mondal,104126,47.15,AITC,Swapan Naskar,89118,40.36,15008,6.789999999999999,BJP,AITC Bloc,1 April 2021,12.490000000000002,40.36,47.15,0.0,12.490000000000002,False,Large
1,Purbo Medinipur,210,NANDIGRAM,138934,127480,1,266415,0.4785015858716664,0.521494660585928,Nandigram [10][11][12][13],NANDIGRAM [10][11][12][13],BJP,Suvendu Adhikari,110764,48.49,AITC,Mamata Banerjee,108808,47.64,1956,0.8500000000000014,BJP,AITC Bloc,1 April 2021,3.8699999999999974,47.64,48.49,0.0,3.8699999999999974,True,Very Large
1,Purbo Medinipur,211,CHANDIPUR,132659,123265,0,255924,0.4816468951720042,0.5183531048279958,Chandipur,CHANDIPUR,AITC,Soham Chakraborty,109770,49.82,BJP,Pulak Kanti Guria,96298,43.71,13472,6.109999999999999,AITC Bloc,BJP,1 April 2021,6.469999999999999,49.82,43.71,0.0,6.469999999999999,False,Very Large
1,Purbo Medinipur,212,PATASHPUR,128328,118708,1,247037,0.48052720847484387,0.5194687435485372,Patashpur,PATASHPUR,AITC,Uttam Barik,105299,50.42,BJP,Ambujaksha Mahanti,95305,45.64,9994,4.780000000000001,AITC Bloc,BJP,27 March 2021,3.9399999999999977,50.42,45.64,0.0,3.9399999999999977,True,Large
1,Purbo Medinipur,213,KANTHI UTTAR,136573,127029,0,263602,0.4818969507059886,0.5181030492940114,Kanthi Uttar,KANTHI UTTAR,BJP,Sumita Sinha,113524,49.7,AITC,Tarun Kumar Jana,104194,45.62,9330,4.080000000000005,BJP,AITC Bloc,27 March 2021,4.68,45.62,49.7,0.0,4.68,True,Very Large
1,Purbo Medinipur,214,BHAGABANPUR,137073,126700,2,263775,0.4803336176665719,0.5196588001137333,Bhagabanpur,BHAGABANPUR,BJP,Rabindranath Maity,121480,54.46,AITC,Ardhendu Maity,93931,42.19,27549,12.270000000000003,BJP,AITC Bloc,27 March 2021,3.3500000000000014,42.19,54.46,0.0,3.3500000000000014,False,Very Large
1,Purbo Medinipur,215,KHEJURI (SC),129500,118476,0,247976,0.4777720424557215,0.5222279575442785,Khejuri (SC),KHEJURI (SC),BJP,Santanu Pramanik,110407,51.93,AITC,Partha Pratim Das,92442,43.48,17965,8.450000000000003,BJP,AITC Bloc,27 March 2021,4.590000000000003,43.48,51.93,0.0,4.590000000000003,False,Large
1,Purbo Medinipur,216,KANTHI DAKSHIN,115841,112113,0,227954,0.49182291164006775,0.5081770883599322,Kanthi Dakshin,KANTHI DAKSHIN,BJP,Arup Kumar Das,98477,50.58,AITC,Jyotirmoy Kar,88184,45.3,10293,5.280000000000001,BJP,AITC Bloc,27 March 2021,4.1200000000000045,45.3,50.58,0.0,4.1200000000000045,False,Medium
1,Purbo Medinipur,217,RAMNAGAR,137559,131690,3,269252,0.48909571702345755,0.5108931409980242,Ramnagar,RAMNAGAR,AITC,Akhil Giri,112622,50.72,BJP,Swadesh Ranjan Nayak,100105,45.08,12517,5.640000000000001,AITC Bloc,BJP,27 March 2021,4.200000000000003,50.72,45.08,0.0,4.200000000000003,False,Very Large
1,Purbo Medinipur,218,EGRA,150273,141325,0,291598,0.4846569592384036,0.5153430407615964,Egra,EGRA,AITC,Tarun Kumar Maity,125763,52.22,BJP,Arup Dash,107272,44.55,18491,7.670000000000002,AITC Bloc,BJP,27 March 2021,3.230000000000004,52.22,44.55,0.0,3.230000000000004,False,Very Large
1,Paschim Medinipur,219,DANTAN,122382,113786,0,236168,0.4818010907489584,0.5181989092510416,Dantan,DANTAN,AITC,Bikram Chandra Pradhan,94609,48.18,BJP,Saktipada Nayak,93834,47.79,775,0.39000000000000057,AITC Bloc,BJP,27 March 2021,4.030000000000001,48.18,47.79,0.0,4.030000000000001,True,Large
1,Jhargram,220,NAYAGRAM (ST),116484,110409,1,226894,0.48661048771673115,0.5133851049388701,Nayagram (ST),NAYAGRAM (ST),AITC,Dulal Murmu,99825,52.52,BJP,Bakul Murmu,77089,40.55,22736,11.970000000000006,AITC Bloc,BJP,27 March 2021,6.93,52.52,40.55,0.0,6.93,False,Medium
1,Jhargram,221,GOPIBALLAVPUR,115030,112763,0,227793,0.49502399107962053,0.5049760089203794,Gopiballavpur,GOPIBALLAVPUR,AITC,Dr. Khagendra Nath Mahata,102710,52.34,BJP,Sanjit Mahata,79106,40.31,23604,12.030000000000001,AITC Bloc,BJP,27 March 2021,7.349999999999994,52.34,40.31,0.0,7.349999999999994,False,Medium
1,Jhargram,222,JHARGRAM,116849,118294,4,235147,0.5030640407915049,0.496918948572595,Jhargram,JHARGRAM,AITC,Birbaha Hansda,108044,54.34,BJP,Sukhamay Satpathy (Jahar),70048,35.23,37996,19.110000000000007,AITC Bloc,BJP,27 March 2021,10.43,54.34,35.23,0.0,10.43,False,Medium
1,Paschim Medinipur,223,KESHIARY (ST),122435,116334,0,238769,0.4872240533737629,0.512775946626237,Keshiary (ST),KESHIARY (ST),AITC,Paresh Murmu,106366,50.01,BJP,Sonali Murmu,91036,42.8,15330,7.210000000000001,AITC Bloc,BJP,27 March 2021,7.190000000000005,50.01,42.8,0.0,7.190000000000005,False,Large
1,Paschim Medinipur,224,KHARAGPUR SADAR,88980,91542,8,180530,0.5070736165734226,0.49288206946213925,Kharagpur Sadar,KHARAGPUR SADAR,BJP,Hiran Chatterjee,79607,46.45,AITC,Pradip Sarkar,75836,44.25,3771,2.200000000000003,BJP,AITC Bloc,1 April 2021,9.299999999999997,44.25,46.45,0.0,9.299999999999997,True,Small
1,Paschim Medinipur,225,NARAYANGARH,122439,116625,0,239064,0.4878400762975605,0.5121599237024396,Narayangarh,NARAYANGARH,AITC,Suryakanta Atta,100894,46.33,BJP,Ramprasad Giri,98478,45.23,2416,1.1000000000000014,AITC Bloc,BJP,1 April 2021,8.440000000000005,46.33,45.23,0.0,8.440000000000005,True,Large
1,Paschim Medinipur,226,SABANG,141833,132549,1,274383,0.48308021998447426,0.5169161354748655,Sabang,SABANG,AITC,Manas Bhunia,112098,47.46,BJP,Amulya Maity,102234,43.28,9864,4.18,AITC Bloc,BJP,1 April 2021,9.259999999999998,47.46,43.28,0.0,9.259999999999998,True,Very Large
1,Paschim Medinipur,227,PINGLA,130604,125287,1,255892,0.48960889750363434,0.5103871945977209,Pingla,PINGLA,AITC,Ajit Maity,112435,49.17,BJP,Antara Bhattacharya,105779,46.26,6656,2.9100000000000037,AITC Bloc,BJP,1 April 2021,4.57,49.17,46.26,0.0,4.57,True,Very Large
1,Paschim Medinipur,228,KHARAGPUR,109810,108328,4,218142,0.4965939617313493,0.5033877015888732,Kharagpur,KHARAGPUR,AITC,Dinen Ray,109727,54.85,BJP,Tapan Bhuiya,73497,36.74,36230,18.11,AITC Bloc,BJP,27 March 2021,8.409999999999997,54.85,36.74,0.0,8.409999999999997,False,Small
1,Paschim Medinipur,229,DEBRA,116447,115448,3,231898,0.4978395673960103,0.5021474958818101,Debra,DEBRA,AITC,Humayun Kabir,95850,46.79,BJP,Bharati Ghosh,84624,41.31,11226,5.479999999999997,AITC Bloc,BJP,1 April 2021,11.899999999999999,46.79,41.31,0.0,11.899999999999999,False,Medium
1,Paschim Medinipur,230,DASPUR,149903,146142,0,296045,0.4936479251465149,0.5063520748534851,Daspur,DASPUR,AITC,Mamata Bhunia,114753,51.58,BJP,Prashanth Bera,87911,39.52,26842,12.059999999999995,AITC Bloc,BJP,1 April 2021,8.899999999999999,51.58,39.52,0.0,8.899999999999999,False,Very Large
1,Paschim Medinipur,231,GHATAL (SC),141189,135380,0,276569,0.4894980999316626,0.5105019000683374,Ghatal,GHATAL,BJP,Shital Kapat,105812,46.95,AITC,Shankar Dolai,104846,46.52,966,0.4299999999999997,BJP,AITC Bloc,1 April 2021,6.529999999999994,46.52,46.95,0.0,6.529999999999994,True,Very Large
1,Paschim Medinipur,232,CHANDRAKONA (SC),145000,137820,0,282820,0.48730641397355207,0.5126935860264479,Chandrakona (SC),CHANDRAKONA (SC),AITC,Arup Dhara,121846,48.87,BJP,Shibram Das,110565,44.35,11281,4.519999999999996,AITC Bloc,BJP,1 April 2021,6.780000000000001,48.87,44.35,0.0,6.780000000000001,True,Very Large
1,Paschim Medinipur,233,GARBETA,119647,113233,1,232881,0.4862268712346649,0.5137688347267488,Garbeta,GARBETA,AITC,Uttara Singha,94928,45.71,BJP,Madan Ruidas,84356,40.62,10572,5.090000000000003,AITC Bloc,BJP,27 March 2021,13.670000000000002,45.71,40.62,0.0,13.670000000000002,False,Medium
1,Paschim Medinipur,234,SALBONI,140943,138359,2,279304,0.49537063557987,0.5046222037636411,Salboni,SALBONI,AITC,Srikanta Mahata,126020,50.57,BJP,Rajib Kundu,93376,37.47,32644,13.100000000000001,AITC Bloc,BJP,27 March 2021,11.96,50.57,37.47,0.0,11.96,False,Very Large
1,Paschim Medinipur,235,KESHPUR (SC),139086,128948,0,268034,0.48108822015117486,0.5189117798488252,Keshpur,KESHPUR,AITC,Siuli Saha,116992,50.81,BJP,Pritish Ranjan,96272,41.82,20720,8.990000000000002,AITC Bloc,BJP,1 April 2021,7.369999999999997,50.81,41.82,0.0,7.369999999999997,False,Very Large
1,Paschim Medinipur,236,MEDINIPUR,128848,131447,0,260295,0.5049924124550991,0.495007587544901,Medinipur,MEDINIPUR,AITC,June Malia,121175,50.72,BJP,Shamit Dash,96778,40.51,24397,10.21,AITC Bloc,BJP,27 March 2021,8.770000000000003,50.72,40.51,0.0,8.770000000000003,False,Very Large
1,Jhargram,237,BINPUR (ST),110250,110873,2,221125,0.5014041831543244,0.49858677218767666,Binpur (ST),BINPUR (ST),AITC,Debnath Hansda,99786,53.18,BJP,Palan Saren,60213,32.09,39573,21.089999999999996,AITC Bloc,BJP,27 March 2021,14.729999999999997,53.18,32.09,0.0,14.729999999999997,False,Medium
1,Purulia,238,BANDWAN (ST),145379,140587,0,285966,0.49162138156284313,0.5083786184371568,Bandwan (ST),BANDWAN (ST),AITC,Rajib Lochan Saren,112183,47.07,BJP,Parsi Murmu,93298,39.14,18885,7.93,AITC Bloc,BJP,27 March 2021,13.79,47.07,39.14,0.0,13.79,False,Very Large
1,Purulia,239,BALARAMPUR,122322,113063,3,235388,0.48032609988614544,0.5196611551990755,Balarampur,BALARAMPUR,BJP,Baneswar Mahato,88803,45.17,AITC,Shantiram Mahato,88530,45.03,273,0.14000000000000057,BJP,AITC Bloc,27 March 2021,9.799999999999997,45.03,45.17,0.0,9.799999999999997,True,Medium
1,Purulia,240,BAGHMUNDI,129747,120906,4,250657,0.48235636746629856,0.5176276744714889,Baghmundi,BAGHMUNDI,AITC,Sushanta Mahato,75245,36.76,AJSU,Ashutosh Mahato,61510,30.05,13735,6.709999999999997,AITC Bloc,Others,27 March 2021,33.19,36.76,0.0,0.0,63.239999999999995,False,Large
1,Purulia,241,JOYPUR,132130,121693,2,253825,0.47943661971830986,0.5205555008371909,Joypur,JOYPUR,BJP,Narahari Mahato,73713,36.66,INC,Phanibhushan Kumar,61611,30.64,12102,6.019999999999996,BJP,Left-Cong-ISF Bloc,27 March 2021,32.7,0.0,36.66,30.64,32.7,False,Very Large
1,Purulia,242,PURULIA,128610,123203,3,251816,0.48925802967245924,0.5107300568669187,Purulia,PURULIA,BJP,Sudip Kumar Mukherjee,88899,43.33,AITC,Sujoy Banerjee,82134,40.12,6585,3.210000000000001,BJP,AITC Bloc,27 March 2021,16.550000000000004,40.12,43.33,0.0,16.550000000000004,True,Large
1,Purulia,243,MANBAZAR (ST),129457,126002,1,255460,0.49323573162138884,0.5067603538714476,Manbazar (ST),MANBAZAR (ST),AITC,Sandhyarani Tudu,102169,48.39,BJP,Gouri Singh Sardar,86679,41.05,15490,7.340000000000003,AITC Bloc,BJP,27 March 2021,10.560000000000002,48.39,41.05,0.0,10.560000000000002,False,Very Large
1,Purulia,244,KASHIPUR,116541,113011,0,229552,0.49231111033665576,0.5076888896633442,Kashipur,KASHIPUR,BJP,Kamalakanta Hansda,92061,47.68,AITC,Swapan Kumar Beltharia,84829,43.93,7240,3.75,BJP,AITC Bloc,27 March 2021,8.39,43.93,47.68,0.0,8.39,True,Medium
1,Purulia,245,PARA (SC),123039,113081,0,236120,0.47891326444180926,0.5210867355581907,Para (SC),PARA (SC),BJP,Nadiar Chand Bouri,86930,45.01,AITC,Umapada Bauri,82986,42.96,3944,2.049999999999997,BJP,AITC Bloc,27 March 2021,12.030000000000001,42.96,45.01,0.0,12.030000000000001,True,Large
1,Purulia,246,RAGHUNATHPUR (SC),129612,124410,1,254023,0.48975880136838,0.5102372619802144,Raghunathpur (SC),RAGHUNATHPUR (SC),BJP,Vivekananda Bauri,94994,44.59,AITC,Bouri Hazari,89671,42.04,5323,2.5500000000000043,BJP,AITC Bloc,27 March 2021,13.369999999999997,42.04,44.59,0.0,13.369999999999997,True,Very Large
1,Bankura,247,SALTORA (SC),120047,113128,0,233175,0.4851635038061542,0.5148364961938459,Saltora (SC),SALTORA (SC),BJP,Chandana Bauri,91648,45.28,AITC,Santosh Kumar Mondal,87503,43.23,4145,2.0500000000000043,BJP,AITC Bloc,27 March 2021,11.490000000000002,43.23,45.28,0.0,11.490000000000002,True,Medium
1,Bankura,248,CHHATNA,124236,117915,0,242151,0.4869482265198162,0.5130517734801838,Chhatna,CHHATNA,BJP,Satyanarayan Mukhopadhyay,90233,45.84,AITC,Subasish Batabyal,83069,42.2,7164,3.6400000000000006,BJP,AITC Bloc,27 March 2021,11.959999999999994,42.2,45.84,0.0,11.959999999999994,True,Large
1,Bankura,249,RANIBUNDH (ST),128697,125873,0,254570,0.4944533919943434,0.5055466080056567,Ranibandh (ST),RANIBANDH (ST),AITC,Jyotsna Mandi,90928,43.06,BJP,Kshudiram Tudu,86989,41.19,3939,1.8700000000000045,AITC Bloc,BJP,27 March 2021,15.75,43.06,41.19,0.0,15.75,True,Very Large
1,Bankura,250,RAIPUR (ST),113171,110949,0,224120,0.49504283419596645,0.5049571658040336,Raipur (ST),RAIPUR (ST),AITC,Mrityunjoy Murmu,101043,51.96,BJP,Sudhanshu Hansda,81645,41.98,19398,9.980000000000004,AITC Bloc,BJP,27 March 2021,6.060000000000002,51.96,41.98,0.0,6.060000000000002,False,Medium
1,Bankura,251,TALDANGRA,120446,115239,0,235685,0.488953476037932,0.5110465239620681,Taldangra,TALDANGRA,AITC,Arup Chakraborty,92026,45.29,BJP,Shyamal Kumar Sarkar,79649,39.2,12377,6.089999999999996,AITC Bloc,BJP,1 April 2021,15.509999999999998,45.29,39.2,0.0,15.509999999999998,False,Medium
1,Bankura,252,BANKURA,130714,130172,0,260886,0.4989612321090438,0.5010387678909562,Bankura,BANKURA,BJP,Niladri Sekhar Dana,95466,43.79,AITC,Sayantika Banerjee,93998,43.12,1468,0.6700000000000017,BJP,AITC Bloc,1 April 2021,13.090000000000003,43.12,43.79,0.0,13.090000000000003,True,Very Large
1,Bankura,253,BARJORA,128366,123035,1,251402,0.48939547020310104,0.5106005521038018,Barjora,BARJORA,AITC,Alok Mukherjee,93290,42.51,BJP,Supriti Chatterjee,90021,41.02,3269,1.4899999999999949,AITC Bloc,BJP,1 April 2021,16.47,42.51,41.02,0.0,16.47,True,Large
1,Bankura,254,ONDA,134404,128004,0,262408,0.4878052498399439,0.5121947501600561,Onda,ONDA,BJP,Amarnath Shakha,104940,46.48,AITC,Arup Kumar Khan,93389,41.37,11551,5.109999999999999,BJP,AITC Bloc,1 April 2021,12.150000000000006,41.37,46.48,0.0,12.150000000000006,False,Very Large
1,Bankura,255,BISHNUPUR,111531,108753,0,220284,0.4936945034591709,0.5063054965408291,Bishnupur (Bankura),BISHNUPUR (BANKURA),BJP,Tanmay Ghosh,88743,46.79,AITC,Archita Bid,77610,40.92,11133,5.869999999999997,BJP,AITC Bloc,1 April 2021,12.29,40.92,46.79,0.0,12.29,False,Medium
1,Bankura,256,KATULPUR (SC),129495,124201,1,253697,0.48956432279451473,0.5104317354954927,Katulpur (SC),KATULPUR (SC),BJP,Harakali Protiher,106022,47.31,AITC,Sangeeta Malik,94237,42.05,11785,5.260000000000005,BJP,AITC Bloc,1 April 2021,10.64,42.05,47.31,0.0,10.64,False,Very Large
1,Bankura,257,INDUS (SC),124899,120368,0,245267,0.49076312753040563,0.5092368724695944,Indas (SC),INDAS (SC),BJP,Nirmal Kumar Dhara,104936,48.04,AITC,Runu Mete,97716,44.73,7220,3.3100000000000023,BJP,AITC Bloc,1 April 2021,7.230000000000004,44.73,48.04,0.0,7.230000000000004,True,Large
1,Bankura,258,SONAMUKHI (SC),120586,115184,0,235770,0.48854391992195784,0.5114560800780421,Sonamukhi (SC),SONAMUKHI (SC),BJP,Dibakar Gharami,98161,47.25,AITC,Dr Shyamal Santra,87273,42.01,10888,5.240000000000002,BJP,AITC Bloc,1 April 2021,10.740000000000002,42.01,47.25,0.0,10.740000000000002,False,Medium
2,Purba Bardhaman,259,KHANDAGHOSH,118049,115630,0,233679,0.4948240963030482,0.5051759036969518,Khandaghosh (SC),KHANDAGHOSH (SC),AITC,Nabin Chandra Bag,104264,47.85,BJP,Bijan Mandal,83378,38.26,20886,9.590000000000003,AITC Bloc,BJP,17 April 2021,13.89,47.85,38.26,0.0,13.89,False,Medium
2,Purba Bardhaman,260,BURDWAN DAKSHIN,108647,113310,4,221961,0.5104950869747388,0.4894868918413595,Bardhaman Dakshin,BARDHAMAN DAKSHIN,AITC,Khokan Das,91015,44.32,BJP,Sandip Nandi,82910,40.38,8105,3.9399999999999977,AITC Bloc,BJP,17 April 2021,15.299999999999997,44.32,40.38,0.0,15.299999999999997,True,Medium
2,Purba Bardhaman,261,RAINA,124871,121186,3,246060,0.4925058928716573,0.5074819149800862,Raina (SC),RAINA (SC),AITC,Shampa Dhara,108752,47.46,BJP,Manik Roy,90547,39.51,18205,7.950000000000003,AITC Bloc,BJP,17 April 2021,13.030000000000001,47.46,39.51,0.0,13.030000000000001,False,Large
2,Purba Bardhaman,262,JAMALPUR,114250,111213,5,225468,0.49325403161424236,0.506723792289815,Jamalpur (SC),JAMALPUR (SC),AITC,Alok Kumar Majhi,96999,46.93,BJP,Balaram Bapari,79028,38.24,17971,8.689999999999998,AITC Bloc,BJP,17 April 2021,14.829999999999998,46.93,38.24,0.0,14.829999999999998,False,Medium
2,Purba Bardhaman,263,MONTESWAR,109788,106971,5,216764,0.4934906165230389,0.506486316916093,Manteswar,MANTESWAR,AITC,Chowdhury Siddiqullah,105460,50.45,BJP,Saikat Panja,73655,35.24,31805,15.21,AITC Bloc,BJP,17 April 2021,14.309999999999995,50.45,35.24,0.0,14.309999999999995,False,Small
2,Purba Bardhaman,264,KALNA,115511,110854,5,226370,0.48970269912090825,0.5102752131466184,Kalna (SC),KALNA (SC),AITC,Deboprasad Bag (Poltu),96073,45.98,BJP,Biswajit Kundu,88595,42.4,7478,3.5799999999999983,AITC Bloc,BJP,17 April 2021,11.620000000000005,45.98,42.4,0.0,11.620000000000005,True,Medium
2,Purba Bardhaman,265,MEMARI,120690,118905,6,239601,0.4962625364668762,0.5037124219014111,Memari,MEMARI,AITC,Madhusudan Bhattacharya,104851,47.92,BJP,Bhismadeb Bhattacharya,81773,37.37,23078,10.550000000000004,AITC Bloc,BJP,17 April 2021,14.71,47.92,37.37,0.0,14.71,False,Large
2,Purba Bardhaman,266,BURDWAN UTTAR,129891,130468,1,260360,0.5011061607005685,0.4988899984636657,Bardhaman Uttar (SC),BARDHAMAN UTTAR (SC),AITC,Nisith Kumar Malik,111211,45.97,BJP,Radha Kanta Roy,93943,38.83,17268,7.140000000000001,AITC Bloc,BJP,17 April 2021,15.200000000000003,45.97,38.83,0.0,15.200000000000003,False,Very Large
2,Purba Bardhaman,267,BHATAR,113735,112907,0,226642,0.49817333062715646,0.5018266693728435,Bhatar,BHATAR,AITC,Adhikari Mangobinda,108028,50.44,BJP,Mahendranath Kowar,76287,35.62,31741,14.82,AITC Bloc,BJP,22 April 2021,13.940000000000005,50.44,35.62,0.0,13.940000000000005,False,Medium
2,Purba Bardhaman,268,PURBASTHALI DAKSHIN,120297,112279,1,232577,0.4827605481195475,0.5172351522291542,Purbasthali Dakshin,PURBASTHALI DAKSHIN,AITC,Swapan Debnath,105698,49.08,BJP,Rajib Kumar Bhowmick,88288,41.0,17410,8.079999999999998,AITC Bloc,BJP,22 April 2021,9.920000000000002,49.08,41.0,0.0,9.920000000000002,False,Medium
2,Purba Bardhaman,269,PURBASTHALI UTTAR,125849,113625,6,239480,0.47446550860197095,0.5255094371137464,Purbasthali Uttar,PURBASTHALI UTTAR,AITC,Tapan Chatterjee,92421,43.52,BJP,Gobardhan Das,85715,40.37,6706,3.1500000000000057,AITC Bloc,BJP,22 April 2021,16.11,43.52,40.37,0.0,16.11,True,Large
2,Purba Bardhaman,270,KATWA,131414,125395,2,256811,0.48827737129640086,0.5117148408751961,Katwa,KATWA,AITC,Rabindranath Chatterjee,107894,48.07,BJP,Shyama Majumdar,98739,43.99,9155,4.079999999999998,AITC Bloc,BJP,22 April 2021,7.939999999999998,48.07,43.99,0.0,7.939999999999998,True,Very Large
2,Purba Bardhaman,271,KETUGRAM,120601,113433,1,234035,0.4846839147990685,0.5153118123357617,Ketugram,KETUGRAM,AITC,Sekh Sahonawez,100226,46.55,BJP,Anadi Ghosh (Mathura),87543,40.66,12683,5.890000000000001,AITC Bloc,BJP,22 April 2021,12.790000000000006,46.55,40.66,0.0,12.790000000000006,False,Medium
2,Purba Bardhaman,272,MONGALKOTE,118847,113135,2,231984,0.4876844954824471,0.5123068832333264,Mangalkot,MANGALKOT,AITC,Apurba Chowdhury (Achal),107596,49.51,BJP,Rana Protap Goswami,85259,39.23,22337,10.280000000000001,AITC Bloc,BJP,22 April 2021,11.260000000000005,49.51,39.23,0.0,11.260000000000005,False,Medium
2,Purba Bardhaman,273,AUSGRAM,119363,116644,3,236010,0.49423329519935594,0.5057539934748527,Ausgram (SC),AUSGRAM (SC),AITC,Abhedananda Thander,100392,46.25,BJP,Kalita Maji,88577,40.8,11815,5.450000000000003,AITC Bloc,BJP,22 April 2021,12.950000000000003,46.25,40.8,0.0,12.950000000000003,False,Medium
2,Purba Bardhaman,274,GALSI,123314,120638,3,243955,0.49450923326023244,0.5054784693898465,Galsi (SC),GALSI (SC),AITC,Nepal Ghorui,109504,49.21,BJP,Bikash Biswas,90242,40.55,19262,8.660000000000004,AITC Bloc,BJP,22 April 2021,10.240000000000002,49.21,40.55,0.0,10.240000000000002,False,Large
1,Paschim Bardhaman,275,PANDABESWAR,97444,90945,1,188390,0.4827485535325654,0.51724613833006,Pandaveswar,PANDAVESWAR,AITC,Narendranath Chakraborty,73922,44.99,BJP,Jitendra Tiwari,70119,42.68,3803,2.3100000000000023,AITC Bloc,BJP,26 April 2021,12.329999999999998,44.99,42.68,0.0,12.329999999999998,True,Small
1,Paschim Bardhaman,276,DURGAPUR PURBA,118400,118726,1,237127,0.500685286787249,0.499310496063291,Durgapur Purba,DURGAPUR PURBA,AITC,Pradip Mazumdar,79303,41.16,BJP,Colonel Diptansu Chaudhury,75557,39.21,3746,1.9499999999999957,AITC Bloc,BJP,26 April 2021,19.630000000000003,41.16,39.21,0.0,19.630000000000003,True,Large
1,Paschim Bardhaman,277,DURGAPUR PASCHIM,121281,117415,4,238700,0.4918935902806871,0.5080896522832007,Durgapur Paschim,DURGAPUR PASCHIM,BJP,Lakshman Chandra Ghorui,91186,46.31,AITC,Biswanath Parial,76522,38.86,14664,7.450000000000003,BJP,AITC Bloc,26 April 2021,14.829999999999998,38.86,46.31,0.0,14.829999999999998,False,Large
1,Paschim Bardhaman,278,RANIGANJ,110971,105021,2,215994,0.48622183949554154,0.5137689009879904,Raniganj,RANIGANJ,AITC,Tapas Banerjee,78164,42.9,BJP,Dr. Bijan Mukherjee,74608,40.95,3556,1.9499999999999957,AITC Bloc,BJP,26 April 2021,16.15,42.9,40.95,0.0,16.15,True,Small
1,Paschim Bardhaman,279,JAMURIA,102051,94492,2,196545,0.4807652191610064,0.5192246050522781,Jamuria,JAMURIA,AITC,Hareram Singh,71002,42.59,BJP,Tapas Kumar Roy,62951,37.76,8051,4.830000000000005,AITC Bloc,BJP,26 April 2021,19.65,42.59,37.76,0.0,19.65,True,Small
1,Paschim Bardhaman,280,ASANSOL DAKSHIN,122533,116492,5,239030,0.48735305191816924,0.5126260302054135,Asansol Dakshin,ASANSOL DAKSHIN,BJP,Agnimitra Paul,87881,45.13,AITC,Sayani Ghosh,83394,42.82,4487,2.3100000000000023,BJP,AITC Bloc,26 April 2021,12.049999999999997,42.82,45.13,0.0,12.049999999999997,True,Large
1,Paschim Bardhaman,281,ASANSOL UTTAR,120386,116471,1,236858,0.4917334436666695,0.5082623343944473,Asansol Uttar,ASANSOL UTTAR,AITC,Moloy Ghatak,100931,52.32,BJP,Krishnendu Mukherjee,79821,41.38,21110,10.939999999999998,AITC Bloc,BJP,26 April 2021,6.299999999999997,52.32,41.38,0.0,6.299999999999997,False,Large
1,Paschim Bardhaman,282,KULTI,109712,100837,4,210553,0.4789150475177271,0.5210659548902177,Kulti,KULTI,BJP,Ajay Kumar Poddar,81112,46.41,AITC,Ujjal Chatterjee,80433,46.02,679,0.38999999999999346,BJP,AITC Bloc,26 April 2021,7.57,46.02,46.41,0.0,7.57,True,Small
1,Paschim Bardhaman,283,BARBANI,102600,99295,3,201898,0.49180774450465087,0.5081773965071472,Barabani,BARABANI,AITC,Bidhan Upadhyay,88430,52.26,BJP,Arijit Roy,64973,38.4,23457,13.86,AITC Bloc,BJP,26 April 2021,9.340000000000003,52.26,38.4,0.0,9.340000000000003,False,Small
1,Birbhum,284,DUBRAJPUR (SC),120292,111210,1,231503,0.48038254363874333,0.5196131367628065,Dubrajpur (SC),DUBRAJPUR (SC),BJP,Anup Kumar Saha,98083,47.94,AITC,Debabrata Saha,94220,46.05,3863,1.8900000000000006,BJP,AITC Bloc,29 April 2021,6.010000000000005,46.05,47.94,0.0,6.010000000000005,True,Medium
1,Birbhum,285,SURI,127171,124900,0,252071,0.4954953167956647,0.5045046832043353,Suri,SURI,AITC,Bikash Roychoudhury,105871,48.43,BJP,Jagannath Chattopadhyay,98551,45.08,7320,3.3500000000000014,AITC Bloc,BJP,29 April 2021,6.490000000000002,48.43,45.08,0.0,6.490000000000002,True,Large
1,Birbhum,286,BOLPUR,131040,129064,8,260112,0.4961862582272252,0.5037829857907363,Bolpur,BOLPUR,AITC,Sinha Chandranath,116443,50.57,BJP,Anirban Ganguly,94163,40.89,22280,9.68,AITC Bloc,BJP,29 April 2021,8.54,50.57,40.89,0.0,8.54,False,Very Large
1,Birbhum,287,NANOOR (SC),137576,131502,4,269082,0.48870604499743575,0.5112790896455356,Nanoor (SC),NANOOR (SC),AITC,Bidhan Chandra Majhi,112116,47.64,BJP,Tarakeswar Saha,105446,44.81,6670,2.8299999999999983,AITC Bloc,BJP,29 April 2021,7.549999999999997,47.64,44.81,0.0,7.549999999999997,True,Very Large
1,Birbhum,288,LABPUR,120302,114326,2,234630,0.48726079358990754,0.5127306823509356,Labpur,LABPUR,AITC,Abhijit Sinha (Rana),108423,51.14,BJP,Biswajit Mondal,90448,42.66,17975,8.480000000000004,AITC Bloc,BJP,29 April 2021,6.200000000000003,51.14,42.66,0.0,6.200000000000003,False,Medium
1,Birbhum,289,SAINTHIA (SC),127499,124497,1,251997,0.49404159573328255,0.5059544359655075,Sainthia (SC),SAINTHIA (SC),AITC,Nilabati Saha,110572,49.84,BJP,Piya Saha,95329,42.97,15243,6.8700000000000045,AITC Bloc,BJP,29 April 2021,7.189999999999998,49.84,42.97,0.0,7.189999999999998,False,Large
1,Birbhum,290,MAYURESWAR,113597,112273,4,225874,0.4970603079593047,0.5029219830524982,Mayureswar,MAYURESWAR,AITC,Abhijit Roy,100425,50.36,BJP,Shyamapada Mondal,88350,44.3,12075,6.060000000000002,AITC Bloc,BJP,29 April 2021,5.340000000000003,50.36,44.3,0.0,5.340000000000003,False,Medium
1,Birbhum,291,RAMPURHAT,121631,123527,1,245159,0.5038648387373093,0.49613108227721603,Rampurhat,RAMPURHAT,AITC,Asish Banerjee,103276,47.52,BJP,Subhasis Choudhury (Khokan),94804,43.62,8472,3.9000000000000057,AITC Bloc,BJP,29 April 2021,8.86,47.52,43.62,0.0,8.86,True,Large
1,Birbhum,292,HANSAN,120644,116625,4,237273,0.4915224235374442,0.5084607182443852,Hansan,HANSAN,AITC,Dr. Asok Kumar Chattopadhyay,108289,51.42,BJP,Nikhil Banerjee,57676,27.39,50613,24.03,AITC Bloc,BJP,29 April 2021,21.189999999999998,51.42,27.39,0.0,21.189999999999998,False,Large
1,Birbhum,293,NALHATI,118102,113572,7,231681,0.4902085194728959,0.5097612665691188,Nalhati,NALHATI,AITC,Rajendra Prasad Singh (Raju Singh),117438,56.54,BJP,Tapas Kumar Yadav (Ananda Yadav),60533,29.15,56905,27.39,AITC Bloc,BJP,29 April 2021,14.310000000000002,56.54,29.15,0.0,14.310000000000002,False,Medium
1,Birbhum,294,MURARAI,129432,122571,1,252004,0.4863851367438612,0.5136108950651577,Murarai,MURARAI,AITC,Dr Mosarraf Hossain,146496,67.23,BJP,Debasish Roy,48250,22.14,98246,45.09,AITC Bloc,BJP,29 April 2021,10.629999999999995,67.23,22.14,0.0,10.629999999999995,False,Large
