phase,district,ac_no,ac_name_pdf,male_electors,female_electors,third_gender_electors,total_electors,female_share,male_share
1,Coochbehar,1,MEKLIGANJ (SC),116228,108183,2,224413,0.48207100301675926,0.5179200848435697
1,Coochbehar,2,MATHABHANGA (SC),129331,119425,1,248757,0.48008699252684345,0.5199089874857793
1,Coochbehar,3,COOCHBEHAR UTTAR (SC),136255,126823,0,263078,0.4820737575928052,0.5179262424071949
1,Coochbehar,4,COOCHBEHAR DAKSHIN,109394,104570,4,213968,0.488717939131085,0.511263366484708
1,Coochbehar,5,SITALKUCHI (SC),151129,134416,3,285548,0.4707299648395366,0.5292595290459047
1,Coochbehar,6,SITAI (SC),143133,129993,0,273126,0.475945168164144,0.524054831835856
1,Coochbehar,7,DINHATA,143513,133778,0,277291,0.48244623878885357,0.5175537612111464
1,Coochbehar,8,NATABARI,123248,116669,6,239923,0.4862768471551289,0.5136981448214636
1,Coochbehar,9,TUFANGANJ,122055,115611,1,237667,0.48644111298581627,0.5135546794464524
1,Alipurduar,10,KUMARGRAM (ST),134118,125375,3,259496,0.483148102475568,0.5168403366525881
1,Alipurduar,11,KALCHINI (ST),109713,111742,2,221457,0.5045765092094627,0.49541445969194925
1,Alipurduar,12,ALIPURDUARS,123903,120423,5,244331,0.4928682811432033,0.5071112548141661
1,Alipurduar,13,FALAKATA (SC),126099,119160,5,245264,0.48584382542892557,0.5141357883749755
1,Alipurduar,14,MADARIHAT (ST),96262,97695,1,193958,0.5036915208447189,0.49630332339991134
1,Jalpaiguri,15,DHUPGURI (SC),133196,124925,6,258127,0.4839671944430455,0.5160095611849981
1,Jalpaiguri,16,MAYNAGURI (SC),133769,124776,0,258545,0.48260844340443637,0.5173915565955637
1,Jalpaiguri,17,JALPAIGURI (SC),126563,123816,2,250381,0.4945103662019083,0.5054816459715393
1,Jalpaiguri,18,RAJGANJ (SC),119299,111495,1,230795,0.4830910548322104,0.5169046123182911
1,Jalpaiguri,19,DABGRAM-PHULBARI,133222,131154,4,264380,0.4960813979877449,0.5039034722747561
1,Jalpaiguri,20,MAL (ST),118926,118526,0,237452,0.49915772450853224,0.5008422754914678
1,Jalpaiguri,21,NAGRAKATA (ST),107824,112292,2,220118,0.510144558827538,0.48984635513679026
1,Kalimpong,22,KALIMPONG,100846,100773,0,201619,0.49981896547448407,0.500181034525516
1,Darjeeling,23,DARJEELING,103033,104681,2,207716,0.5039621406150706,0.4960282308536656
1,Darjeeling,24,KURSEONG,106014,110135,3,216152,0.5095257041341278,0.4904604167437729
1,Darjeeling,25,MATIGARA-NAXALBARI (SC),133571,134906,3,268480,0.50248063170441,0.49750819427890347
1,Darjeeling,26,SILIGURI,99920,100844,15,200779,0.5022636829548907,0.49766160803669707
1,Darjeeling,27,PHANSIDEWA (ST),109526,107769,3,217298,0.49595026185238705,0.5040359322221097
1,Uttar Dinajpur,28,CHOPRA,120091,99140,5,219236,0.452206754365159,0.5477704391614516
1,Uttar Dinajpur,29,ISLAMPUR,107891,94318,8,202217,0.46641973721299396,0.5335407013258034
1,Uttar Dinajpur,30,GOALPOKHAR,107310,92154,4,199468,0.46199891711953794,0.5379810295385726
1,Uttar Dinajpur,31,CHAKULIA,114782,101311,2,216095,0.4688262106943705,0.5311645341169393
1,Uttar Dinajpur,32,KARANDIGHI,121620,109975,4,231599,0.4748509276810349,0.525131801087224
1,Uttar Dinajpur,33,HEMTABAD (SC),130939,115587,4,246530,0.46885571735691395,0.5311280574372287
1,Uttar Dinajpur,34,KALIAGANJ (SC),140401,127867,13,268281,0.47661593627577054,0.5233356070687079
1,Uttar Dinajpur,35,RAIGANJ,87504,86601,21,174126,0.49734674890596464,0.5025326487715792
1,Uttar Dinajpur,36,ITAHAR,110488,100929,5,211422,0.477381729432131,0.522594621184172
1,Dakshin Dinajpur,37,KUSHMUNDI (SC),108310,97553,4,205867,0.4738641938727431,0.526116376106904
1,Dakshin Dinajpur,38,KUMARGANJ,93373,87008,4,180385,0.4823460930786928,0.5176317321285029
1,Dakshin Dinajpur,39,BALURGHAT,84215,82683,14,166912,0.495368817101227,0.5045473063650306
1,Dakshin Dinajpur,40,TAPAN (ST),99485,95426,3,194914,0.489580019906215,0.5104045886903968
1,Dakshin Dinajpur,41,GANGARAMPUR (SC),103818,96318,10,200146,0.481238695752101,0.5187113407212735
1,Dakshin Dinajpur,42,HARIRAMPUR,108885,102402,8,211295,0.484639958352067,0.5153221798906742
1,Malda,43,HABIBPUR (ST),120886,117339,5,238230,0.4925450195189523,0.507433992360324
1,Malda,44,GAZOLE (SC),129859,125223,3,255085,0.4909069525844326,0.5090812866299469
1,Malda,45,CHANCHAL,126863,117560,5,244428,0.48095962819316934,0.5190199158852504
1,Malda,46,HARISCHANDRA-PUR,126029,112818,3,238850,0.47233828762821856,0.5276491521875654
1,Malda,47,MALATIPUR,113524,99158,9,212691,0.46620684467137774,0.5337508404210803
1,Malda,48,RATUA,130127,116413,7,246547,0.47217366262822097,0.52779794521937
1,Malda,49,MANICKCHAK,124739,111024,2,235765,0.47090959217865247,0.529081924797998
1,Malda,50,MALDAHA (SC),117002,114341,5,231348,0.4942381174680568,0.5057402700693328
1,Malda,51,ENGLISH BAZAR,123959,125171,7,249137,0.5024183481377716,0.4975535548714161
1,Malda,52,MOTHABARI,86660,82681,6,169347,0.4882342173171063,0.5117303524715525
1,Malda,53,SUJAPUR,120729,115707,7,236443,0.4893653015737408,0.510605092982241
1,Malda,54,BAISHNABNAGAR,121683,112174,8,233865,0.4796527911401877,0.5203130010903726
1,Murshidabad,55,FARAKKA,93170,88485,4,181659,0.487093950753885,0.5128840299682372
1,Murshidabad,56,SAMSERGANJ,78004,83430,1,161435,0.5168024282218849,0.48319137733453094
1,Murshidabad,57,SUTI,121353,107854,1,229208,0.4705507661163659,0.5294448710341698
1,Murshidabad,58,JANGIPUR,113009,107846,4,220859,0.4883024916349345,0.5116793972625069
1,Murshidabad,59,RAGHUNATHGANJ,103911,96541,0,200452,0.48161654660467346,0.5183834533953265
1,Murshidabad,60,SAGARDIGHI,113465,103508,4,216977,0.47704595417947526,0.522935610686847
1,Murshidabad,61,LALGOLA,94311,91868,3,186182,0.493431158758634,0.5065527279758516
1,Murshidabad,62,BHAGABAN GOLA,114659,109958,1,224618,0.48953334105013846,0.5104622069469054
1,Murshidabad,63,RANINAGAR,126493,117894,4,244391,0.48239910635007016,0.5175845264350979
1,Murshidabad,64,MURSHIDABAD,126372,121896,1,248269,0.49098357024034417,0.5090124018705517
1,Murshidabad,65,NABAGRAM (SC),124325,118697,3,243025,0.48841477214278367,0.511572883448205
1,Murshidabad,66,KHARGRAM (SC),120073,110389,2,230464,0.47898587198000553,0.5210054498750347
1,Murshidabad,67,BURWAN (SC),111612,102386,5,214003,0.47843254533814944,0.5215440905034041
1,Murshidabad,68,KANDI,120346,112675,3,233024,0.4835338849217248,0.5164532408678935
1,Murshidabad,69,BHARATPUR,124672,114508,4,239184,0.4787443976185698,0.5212388788547729
1,Murshidabad,70,REJINAGAR,133771,122490,6,256267,0.4779780463344871,0.5219985405846246
1,Murshidabad,71,BELDANGA,126928,117052,4,243984,0.47975277067348676,0.5202308348088399
1,Murshidabad,72,BAHARAMPUR,118741,122079,10,240830,0.5069094381929161,0.49304903874102063
1,Murshidabad,73,HARIHARPARA,126586,118890,8,245484,0.4843085496407098,0.5156588616773394
1,Murshidabad,74,NOWDA,122837,112898,2,235737,0.4789150621243165,0.5210764538447508
1,Murshidabad,75,DOMKAL,137988,129383,3,267374,0.4839026980933075,0.5160860816683747
1,Murshidabad,76,JALANGI,136138,126647,2,262787,0.4819378431962007,0.5180545460772412
2,Nadia,77,KARIMPUR,130536,122305,3,252844,0.48371723276012085,0.5162709022163864
2,Nadia,78,TEHATTA,131243,121184,4,252431,0.4800678205133284,0.5199163335723426
2,Nadia,79,PALASHIPARA,122063,109553,4,231620,0.47298592522234695,0.5269968051118211
2,Nadia,80,KALIGANJ,121552,110905,3,232460,0.4770928331756001,0.5228942613783016
2,Nadia,81,NAKASHIPARA,115752,102914,3,218669,0.4706382706282098,0.5293480100059907
2,Nadia,82,CHAPRA,123420,108637,0,232057,0.46814791193542965,0.5318520880645703
2,Nadia,83,KRISHNANAGAR UTTAR,109610,106841,5,216456,0.49359223121558193,0.5063846694016336
2,Nadia,84,NABADWIP,118182,111826,3,230011,0.48617674806857064,0.5138102090769572
2,Nadia,85,KRISHNANAGAR DAKSHIN,109405,100374,2,209781,0.47847040485077297,0.521520061397362
2,Nadia,86,SANTIPUR,118363,109105,9,227477,0.4796309077401232,0.520329527820395
2,Nadia,87,RANAGHAT UTTAR PASCHIM,119177,113531,8,232716,0.4878521459633201,0.5121134773715602
2,Nadia,88,KRISHNAGANJ,132520,120515,1,253036,0.476276103005106,0.523719944988065
2,Nadia,89,RANAGHAT UTTAR PURBA,122368,110022,9,232399,0.4734185603208275,0.5265427131786281
2,Nadia,90,RANAGHAT DAKSHIN,130916,122428,2,253346,0.4832442588396896,0.5167478468181854
2,Nadia,91,CHAKDAHA,115182,108796,3,223981,0.4857376295310763,0.5142489764756832
2,Nadia,92,KALYANI,117783,112699,7,230489,0.4889560890107554,0.5110135407763494
2,Nadia,93,HARINGHATA,116952,108152,5,225109,0.48044280770648884,0.5195349808315083
2,North 24 Parganas,94,BAGDA,126236,114747,6,240989,0.4761503637095469,0.523824738888497
2,North 24 Parganas,95,BANGAON UTTAR,116517,109424,21,225962,0.48425841513174783,0.5156486488878661
2,North 24 Parganas,96,BANGAON DAKSHIN,117928,110425,6,228359,0.48355878244343337,0.5164149431377787
2,North 24 Parganas,97,GAIGHATA,113921,108799,3,222723,0.48849467724482876,0.5114918531090188
2,North 24 Parganas,98,SWARUPNAGAR,119447,109516,2,228965,0.47830891184242136,0.5216823531980871
2,North 24 Parganas,99,BADURIA,122187,113971,4,236162,0.4825966921011848,0.5173863703728796
2,North 24 Parganas,100,HABRA,107658,101156,8,208822,0.4844125618948195,0.5155491279654443
2,North 24 Parganas,101,ASHOKNAGAR,117314,112185,7,229506,0.4888107500457504,0.5111587496623182
2,North 24 Parganas,102,AMDANGA,115380,105823,4,221207,0.4783890202389617,0.5215928971506326
2,North 24 Parganas,103,BIJPUR,80060,78032,4,158096,0.49357352494686774,0.506401173970246
2,North 24 Parganas,104,NAIHATI,85321,85251,9,170581,0.49976843845445856,0.5001788006870637
2,North 24 Parganas,105,BHATPARA,61817,55375,3,117195,0.47250309313537264,0.5274713085029225
2,North 24 Parganas,106,JAGATDAL,99648,95971,11,195630,0.49057404283596584,0.5093697285692379
2,North 24 Parganas,107,NOAPARA,107095,106628,4,213727,0.4988981270499282,0.5010831574859517
2,North 24 Parganas,108,BARRACKPUR,86097,84548,1,170646,0.49545843441979304,0.5045357054955873
2,North 24 Parganas,109,KHARDAHA,104991,104857,7,209855,0.4996640537513998,0.500302589883491
2,North 24 Parganas,110,DUM DUM UTTAR,118324,122013,4,240341,0.5076661909536866,0.49231716602660386
2,North 24 Parganas,111,PANIHATI,93805,95905,4,189714,0.505524104704977,0.4944548109259201
2,North 24 Parganas,112,KAMARHATI,80693,81947,6,162646,0.503836553004685,0.49612655706257763
2,North 24 Parganas,113,BARANAGAR,90690,95847,4,186541,0.5138119769916533,0.48616658000117935
2,North 24 Parganas,114,DUM DUM,105629,111908,4,217541,0.5144225686192487,0.4855590440422725
2,North 24 Parganas,115,RAJARHAT NEW TOWN,136100,131541,4,267645,0.4914756487137813,0.5085094061163108
2,North 24 Parganas,116,BIDHANNAGAR,98891,104979,7,203877,0.5149134036698597,0.48505226190301015
2,North 24 Parganas,117,RAJARHAT GOPALPUR,106453,112429,8,218890,0.5136324181095527,0.48633103385262005
2,North 24 Parganas,118,MADHYAMGRAM,123863,120618,4,244485,0.49335542057794957,0.5066282185001125
2,North 24 Parganas,119,BARASAT,126025,126398,16,252439,0.5007071015175943,0.49922951683376976
2,North 24 Parganas,120,DEGANGA,124607,115396,4,240007,0.48080264325623834,0.5191806905631919
2,North 24 Parganas,121,HAROA,127503,115892,5,243400,0.4761380443714051,0.5238414133114215
2,North 24 Parganas,122,MINAKHAN,119376,102631,4,222011,0.46227889609073425,0.5377030867839881
2,North 24 Parganas,123,SANDESHKHALI,117641,105623,5,223269,0.4730750798364305,0.526902525652912
2,North 24 Parganas,124,BASIRHAT DAKSHIN,132772,127583,6,260361,0.4900234674163949,0.5099534876575217
2,North 24 Parganas,125,BASIRHAT UTTAR,126777,118608,3,245388,0.4833488190131547,0.5166389554501443
2,North 24 Parganas,126,HINGALGANJ,112034,103084,4,215122,0.47918855347198336,0.5207928524279246
2,South 24 Parganas,127,GOSABA,115665,105663,4,221332,0.47739594816836245,0.5225859794336111
2,South 24 Parganas,128,BASANTI,125989,114312,2,240303,0.47569942947029376,0.5242922477039405
2,South 24 Parganas,129,KULTALI,138128,123591,17,261736,0.47219717578017545,0.5277378732768897
2,South 24 Parganas,130,PATHARPRATIMA,135804,121898,2,257704,0.47301555272715984,0.526976686430944
2,South 24 Parganas,131,KAKDWIP,126170,115546,4,241720,0.4780158861492636,0.5219675657785868
2,South 24 Parganas,132,SAGAR,143904,130199,0,274103,0.47500027361977065,0.5249997263802293
2,South 24 Parganas,133,KULPI,112797,103818,5,216620,0.47926322592558396,0.5207136921798541
2,South 24 Parganas,134,RAIDIGHI,139455,128386,5,267846,0.4793276733645453,0.5206536591922224
2,South 24 Parganas,135,MANDIRBAZAR,115580,106506,4,222090,0.4795623395920573,0.5204196496915665
2,South 24 Parganas,136,JOYNAGAR,118512,108720,6,227238,0.4784411058009664,0.5215324901644971
2,South 24 Parganas,137,BARUIPUR PURBA,126745,118350,11,245106,0.48285231695674524,0.5171028045009098
2,South 24 Parganas,138,CANNING PASCHIM,123786,114439,11,238236,0.4803598112795715,0.5195940160177304
2,South 24 Parganas,139,CANNING PURBA,129566,117083,24,246673,0.474648623886684,0.5252540813141284
2,South 24 Parganas,140,BARUIPUR PASCHIM,116620,116455,22,233097,0.4995988794364578,0.5003067392544734
2,South 24 Parganas,141,MAGRAHAT PURBA,122770,109817,2,232589,0.4721504456358641,0.5278409555052045
2,South 24 Parganas,142,MAGRAHAT PASCHIM,113942,103074,6,217022,0.47494724037194386,0.5250251126613892
2,South 24 Parganas,143,DIAMOND HARBOUR,125553,119541,3,245097,0.4877293479724354,0.5122584119756668
2,South 24 Parganas,144,FALTA,121300,115135,9,236444,0.4869440544061173,0.5130178816125595
2,South 24 Parganas,145,SATGACHHIA,132022,124220,9,256251,0.4847590838669898,0.5152057943188514
2,South 24 Parganas,146,BISHNUPUR,137741,130512,13,268266,0.48650220303728386,0.5134493375977575
2,South 24 Parganas,147,SONARPUR DAKSHIN,128960,132016,17,260993,0.5058219952259256,0.49411286892751916
2,South 24 Parganas,148,BHANGAR,142681,130016,14,272711,0.4767537796421853,0.5231948839614097
2,South 24 Parganas,149,KASBA,131451,134158,7,265616,0.5050825251490874,0.4948911210168062
2,South 24 Parganas,150,JADAVPUR,124529,136288,4,260821,0.5225346118602413,0.4774500519513383
2,South 24 Parganas,151,SONARPUR UTTAR,135666,137535,18,273219,0.5033873925312661,0.49654672625256663
2,South 24 Parganas,152,TOLLYGANJ,110663,119323,8,229994,0.5188091863265998,0.48115603015730846
2,South 24 Parganas,153,BEHALA PURBA,126011,133735,6,259752,0.5148564784871724,0.4851204225569004
2,South 24 Parganas,154,BEHALA PASCHIM,128607,137562,4,266173,0.5168142523847272,0.4831707197950205
2,South 24 Parganas,155,MAHESHTALA,122964,120390,11,243365,0.4946890473157603,0.505265753086927
2,South 24 Parganas,156,BUDGE BUDGE,117406,112495,6,229907,0.48930654569021387,0.5106673568007933
2,South 24 Parganas,157,METIABURUZ,100723,88768,3,189494,0.4684475497904947,0.5315366185736752
2,Kolkata South,158,KOLKATA PORT,91335,80275,5,171615,0.4677621420039041,0.5322087230137226
2,Kolkata South,159,BHABANIPUR,81108,79199,6,160313,0.49402730907661885,0.505935264139527
2,Kolkata South,160,RASHBEHARI,76263,82137,6,158406,0.5185220256808454,0.481440096966024
2,Kolkata South,161,BALLYGUNGE,96205,92627,7,188839,0.4905077870566991,0.5094551443292964
2,Kolkata North,162,CHOWRANGEE,67355,58989,5,126349,0.466873501175316,0.5330869258957333
2,Kolkata North,163,ENTALLY,91760,87109,8,178877,0.48697708481246893,0.5129781917183316
2,Kolkata North,164,BELEGHATA,97037,93556,6,190599,0.49085252283590153,0.5091159974606373
2,Kolkata North,165,JORASANKO,65654,57032,0,122686,0.4648615163914383,0.5351384836085616
2,Kolkata North,166,SHYAMPUKUR,66449,65363,7,131819,0.49585416366381174,0.5040927332175179
2,Kolkata North,167,MANIKTOLA,83022,82876,8,165906,0.4995358817643726,0.5004158981591986
2,Kolkata North,168,KASHIPUR-BELGACHHIA,85715,82219,2,167936,0.4895853182164634,0.5104027724847561
2,Howrah,169,BALLY,68826,64743,4,133573,0.48470124950401655,0.5152688043242272
2,Howrah,170,HOWRAH UTTAR,78911,71029,8,149948,0.473690879504895,0.5262557686664711
2,Howrah,171,HOWRAH MADHYA,109112,105707,2,214821,0.4920701421183218,0.5079205478049167
2,Howrah,172,SHIBPUR,96193,98766,4,194963,0.5065884295994625,0.49339105368710984
2,Howrah,173,HOWRAH DAKSHIN,121230,119375,2,240607,0.4961410100288022,0.5038506776610822
2,Howrah,174,SANKRAIL,123503,116742,7,240252,0.4859147894710554,0.5140560744551554
2,Howrah,175,PANCHLA,130039,118455,3,248497,0.47668583524147173,0.5233020921781751
2,Howrah,176,ULUBERIA PURBA,111655,106817,9,218481,0.4889075022542006,0.5110513042324046
2,Howrah,177,ULUBERIA UTTAR,112157,102511,3,214671,0.47752607478420467,0.5224599503426173
2,Howrah,178,ULUBERIA DAKSHIN,122513,114530,14,237057,0.48313274866382344,0.5168081938099276
2,Howrah,179,SHYAMPUR,132356,126919,3,259278,0.4895093297541635,0.5104790996536536
2,Howrah,180,BAGNAN,117902,112672,4,230578,0.4886502615167102,0.5113323907744884
2,Howrah,181,AMTA,132837,124140,5,256982,0.48306885307142133,0.5169116903129402
2,Howrah,182,UDAYNARAYANPUR,117276,111815,0,229091,0.48808115552335096,0.511918844476649
2,Howrah,183,JAGATBALLAVPUR,139266,131534,6,270806,0.4857130196524449,0.5142648242653413
2,Howrah,184,DOMJUR,136227,133003,6,269236,0.4940015451128378,0.5059761696058477
2,Hooghly,185,UTTARPARA,112794,115473,5,228272,0.5058570477325296,0.4941210485736315
2,Hooghly,186,SREERAMPUR,104186,101472,4,205662,0.4933920704845815,0.506588480127588
2,Hooghly,187,CHAMPDANI,110910,111032,10,221952,0.5002523068050749,0.4997026384083045
2,Hooghly,188,SINGUR,119289,118093,6,237388,0.4974682797782533,0.5025064451446577
2,Hooghly,189,CHANDANNAGAR,100183,103262,6,203451,0.5075521870130891,0.49241832185636836
2,Hooghly,190,CHUNCHURA,136134,139570,11,275715,0.5062111238053787,0.49374897992492245
2,Hooghly,191,BALAGARH,122092,117990,6,240088,0.4914448035720236,0.5085302055912831
2,Hooghly,192,PANDUA,124729,124345,7,249081,0.4992151147618646,0.5007567819303761
2,Hooghly,193,SAPTAGRAM,106484,103881,5,210370,0.4938013975376717,0.50617483481485
2,Hooghly,194,CHANDITALA,125034,121506,3,246543,0.49283897737919957,0.5071488543580633
2,Hooghly,195,JANGIPARA,128123,122942,4,251069,0.489674153320402,0.5103099148042968
2,Hooghly,196,HARIPAL,133319,130853,3,264175,0.49532696129459636,0.5046616825967635
2,Hooghly,197,DHANEKHALI,131462,131225,2,262689,0.49954508944036485,0.5004472969937835
2,Hooghly,198,TARAKESWAR,118073,117363,5,235441,0.49848157287813083,0.5014971903789059
2,Hooghly,199,PURSURAH,132393,127196,1,259590,0.489988058091606,0.5100080896798798
2,Hooghly,200,ARAMBAG,128700,124558,2,253260,0.4918186843559978,0.5081734186211798
2,Hooghly,201,GOGHAT,126697,121378,1,248076,0.4892774794820942,0.5107184894951547
2,Hooghly,202,KHANAKUL,138468,130098,4,268570,0.48441002345757156,0.5155750828461854
1,Purbo Medinipur,203,TAMLUK,139883,134618,7,274508,0.4903973654684016,0.5095771343640259
1,Purbo Medinipur,204,PANSKURA PURBA,122702,115811,6,238519,0.4855420322909286,0.5144328124803474
1,Purbo Medinipur,205,PANSKURA PASCHIM,143192,135551,1,278744,0.4862920816232816,0.513704330855552
1,Purbo Medinipur,206,MOYNA,137302,127667,2,264971,0.48181499107449494,0.5181774609296866
1,Purbo Medinipur,207,NANDAKUMAR,136102,128332,3,264437,0.48530273751403924,0.5146859176287736
1,Purbo Medinipur,208,MAHISADAL,129878,123643,2,253523,0.48769934088820344,0.5122927702811974
1,Purbo Medinipur,209,HALDIA (SC),129419,122487,13,251919,0.4862158074619223,0.5137325886495262
1,Purbo Medinipur,210,NANDIGRAM,138934,127480,1,266415,0.4785015858716664,0.521494660585928
1,Purbo Medinipur,211,CHANDIPUR,132659,123265,0,255924,0.4816468951720042,0.5183531048279958
1,Purbo Medinipur,212,PATASHPUR,128328,118708,1,247037,0.48052720847484387,0.5194687435485372
1,Purbo Medinipur,213,KANTHI UTTAR,136573,127029,0,263602,0.4818969507059886,0.5181030492940114
1,Purbo Medinipur,214,BHAGABANPUR,137073,126700,2,263775,0.4803336176665719,0.5196588001137333
1,Purbo Medinipur,215,KHEJURI (SC),129500,118476,0,247976,0.4777720424557215,0.5222279575442785
1,Purbo Medinipur,216,KANTHI DAKSHIN,115841,112113,0,227954,0.49182291164006775,0.5081770883599322
1,Purbo Medinipur,217,RAMNAGAR,137559,131690,3,269252,0.48909571702345755,0.5108931409980242
1,Purbo Medinipur,218,EGRA,150273,141325,0,291598,0.4846569592384036,0.5153430407615964
1,Paschim Medinipur,219,DANTAN,122382,113786,0,236168,0.4818010907489584,0.5181989092510416
1,Jhargram,220,NAYAGRAM (ST),116484,110409,1,226894,0.48661048771673115,0.5133851049388701
1,Jhargram,221,GOPIBALLAVPUR,115030,112763,0,227793,0.49502399107962053,0.5049760089203794
1,Jhargram,222,JHARGRAM,116849,118294,4,235147,0.5030640407915049,0.496918948572595
1,Paschim Medinipur,223,KESHIARY (ST),122435,116334,0,238769,0.4872240533737629,0.512775946626237
1,Paschim Medinipur,224,KHARAGPUR SADAR,88980,91542,8,180530,0.5070736165734226,0.49288206946213925
1,Paschim Medinipur,225,NARAYANGARH,122439,116625,0,239064,0.4878400762975605,0.5121599237024396
1,Paschim Medinipur,226,SABANG,141833,132549,1,274383,0.48308021998447426,0.5169161354748655
1,Paschim Medinipur,227,PINGLA,130604,125287,1,255892,0.48960889750363434,0.5103871945977209
1,Paschim Medinipur,228,KHARAGPUR,109810,108328,4,218142,0.4965939617313493,0.5033877015888732
1,Paschim Medinipur,229,DEBRA,116447,115448,3,231898,0.4978395673960103,0.5021474958818101
1,Paschim Medinipur,230,DASPUR,149903,146142,0,296045,0.4936479251465149,0.5063520748534851
1,Paschim Medinipur,231,GHATAL (SC),141189,135380,0,276569,0.4894980999316626,0.5105019000683374
1,Paschim Medinipur,232,CHANDRAKONA (SC),145000,137820,0,282820,0.48730641397355207,0.5126935860264479
1,Paschim Medinipur,233,GARBETA,119647,113233,1,232881,0.4862268712346649,0.5137688347267488
1,Paschim Medinipur,234,SALBONI,140943,138359,2,279304,0.49537063557987,0.5046222037636411
1,Paschim Medinipur,235,KESHPUR (SC),139086,128948,0,268034,0.48108822015117486,0.5189117798488252
1,Paschim Medinipur,236,MEDINIPUR,128848,131447,0,260295,0.5049924124550991,0.495007587544901
1,Jhargram,237,BINPUR (ST),110250,110873,2,221125,0.5014041831543244,0.49858677218767666
1,Purulia,238,BANDWAN (ST),145379,140587,0,285966,0.49162138156284313,0.5083786184371568
1,Purulia,239,BALARAMPUR,122322,113063,3,235388,0.48032609988614544,0.5196611551990755
1,Purulia,240,BAGHMUNDI,129747,120906,4,250657,0.48235636746629856,0.5176276744714889
1,Purulia,241,JOYPUR,132130,121693,2,253825,0.47943661971830986,0.5205555008371909
1,Purulia,242,PURULIA,128610,123203,3,251816,0.48925802967245924,0.5107300568669187
1,Purulia,243,MANBAZAR (ST),129457,126002,1,255460,0.49323573162138884,0.5067603538714476
1,Purulia,244,KASHIPUR,116541,113011,0,229552,0.49231111033665576,0.5076888896633442
1,Purulia,245,PARA (SC),123039,113081,0,236120,0.47891326444180926,0.5210867355581907
1,Purulia,246,RAGHUNATHPUR (SC),129612,124410,1,254023,0.48975880136838,0.5102372619802144
1,Bankura,247,SALTORA (SC),120047,113128,0,233175,0.4851635038061542,0.5148364961938459
1,Bankura,248,CHHATNA,124236,117915,0,242151,0.4869482265198162,0.5130517734801838
1,Bankura,249,RANIBUNDH (ST),128697,125873,0,254570,0.4944533919943434,0.5055466080056567
1,Bankura,250,RAIPUR (ST),113171,110949,0,224120,0.49504283419596645,0.5049571658040336
1,Bankura,251,TALDANGRA,120446,115239,0,235685,0.488953476037932,0.5110465239620681
1,Bankura,252,BANKURA,130714,130172,0,260886,0.4989612321090438,0.5010387678909562
1,Bankura,253,BARJORA,128366,123035,1,251402,0.48939547020310104,0.5106005521038018
1,Bankura,254,ONDA,134404,128004,0,262408,0.4878052498399439,0.5121947501600561
1,Bankura,255,BISHNUPUR,111531,108753,0,220284,0.4936945034591709,0.5063054965408291
1,Bankura,256,KATULPUR (SC),129495,124201,1,253697,0.48956432279451473,0.5104317354954927
1,Bankura,257,INDUS (SC),124899,120368,0,245267,0.49076312753040563,0.5092368724695944
1,Bankura,258,SONAMUKHI (SC),120586,115184,0,235770,0.48854391992195784,0.5114560800780421
2,Purba Bardhaman,259,KHANDAGHOSH,118049,115630,0,233679,0.4948240963030482,0.5051759036969518
2,Purba Bardhaman,260,BURDWAN DAKSHIN,108647,113310,4,221961,0.5104950869747388,0.4894868918413595
2,Purba Bardhaman,261,RAINA,124871,121186,3,246060,0.4925058928716573,0.5074819149800862
2,Purba Bardhaman,262,JAMALPUR,114250,111213,5,225468,0.49325403161424236,0.506723792289815
2,Purba Bardhaman,263,MONTESWAR,109788,106971,5,216764,0.4934906165230389,0.506486316916093
2,Purba Bardhaman,264,KALNA,115511,110854,5,226370,0.48970269912090825,0.5102752131466184
2,Purba Bardhaman,265,MEMARI,120690,118905,6,239601,0.4962625364668762,0.5037124219014111
2,Purba Bardhaman,266,BURDWAN UTTAR,129891,130468,1,260360,0.5011061607005685,0.4988899984636657
2,Purba Bardhaman,267,BHATAR,113735,112907,0,226642,0.49817333062715646,0.5018266693728435
2,Purba Bardhaman,268,PURBASTHALI DAKSHIN,120297,112279,1,232577,0.4827605481195475,0.5172351522291542
2,Purba Bardhaman,269,PURBASTHALI UTTAR,125849,113625,6,239480,0.47446550860197095,0.5255094371137464
2,Purba Bardhaman,270,KATWA,131414,125395,2,256811,0.48827737129640086,0.5117148408751961
2,Purba Bardhaman,271,KETUGRAM,120601,113433,1,234035,0.4846839147990685,0.5153118123357617
2,Purba Bardhaman,272,MONGALKOTE,118847,113135,2,231984,0.4876844954824471,0.5123068832333264
2,Purba Bardhaman,273,AUSGRAM,119363,116644,3,236010,0.49423329519935594,0.5057539934748527
2,Purba Bardhaman,274,GALSI,123314,120638,3,243955,0.49450923326023244,0.5054784693898465
1,Paschim Bardhaman,275,PANDABESWAR,97444,90945,1,188390,0.4827485535325654,0.51724613833006
1,Paschim Bardhaman,276,DURGAPUR PURBA,118400,118726,1,237127,0.500685286787249,0.499310496063291
1,Paschim Bardhaman,277,DURGAPUR PASCHIM,121281,117415,4,238700,0.4918935902806871,0.5080896522832007
1,Paschim Bardhaman,278,RANIGANJ,110971,105021,2,215994,0.48622183949554154,0.5137689009879904
1,Paschim Bardhaman,279,JAMURIA,102051,94492,2,196545,0.4807652191610064,0.5192246050522781
1,Paschim Bardhaman,280,ASANSOL DAKSHIN,122533,116492,5,239030,0.48735305191816924,0.5126260302054135
1,Paschim Bardhaman,281,ASANSOL UTTAR,120386,116471,1,236858,0.4917334436666695,0.5082623343944473
1,Paschim Bardhaman,282,KULTI,109712,100837,4,210553,0.4789150475177271,0.5210659548902177
1,Paschim Bardhaman,283,BARBANI,102600,99295,3,201898,0.49180774450465087,0.5081773965071472
1,Birbhum,284,DUBRAJPUR (SC),120292,111210,1,231503,0.48038254363874333,0.5196131367628065
1,Birbhum,285,SURI,127171,124900,0,252071,0.4954953167956647,0.5045046832043353
1,Birbhum,286,BOLPUR,131040,129064,8,260112,0.4961862582272252,0.5037829857907363
1,Birbhum,287,NANOOR (SC),137576,131502,4,269082,0.48870604499743575,0.5112790896455356
1,Birbhum,288,LABPUR,120302,114326,2,234630,0.48726079358990754,0.5127306823509356
1,Birbhum,289,SAINTHIA (SC),127499,124497,1,251997,0.49404159573328255,0.5059544359655075
1,Birbhum,290,MAYURESWAR,113597,112273,4,225874,0.4970603079593047,0.5029219830524982
1,Birbhum,291,RAMPURHAT,121631,123527,1,245159,0.5038648387373093,0.49613108227721603
1,Birbhum,292,HANSAN,120644,116625,4,237273,0.4915224235374442,0.5084607182443852
1,Birbhum,293,NALHATI,118102,113572,7,231681,0.4902085194728959,0.5097612665691188
1,Birbhum,294,MURARAI,129432,122571,1,252004,0.4863851367438612,0.5136108950651577
