ac_no,ac_name,ac_name_results,winner_party,winner_candidate,winner_votes,winner_pct,runner_party,runner_candidate,runner_votes,runner_pct,margin_votes,margin_pct_points,winner_bloc,runner_bloc,voting_date
1,Mekliganj (SC),MEKLIGANJ (SC),AITC,Paresh Chandra Adhikary,99338,49.98,BJP,Dadhiram Ray,84653,42.59,14685,7.3899999999999935,AITC Bloc,BJP,10 April 2021
2,Mathabhanga (SC),MATHABHANGA (SC),BJP,Sushil Barman,113249,52.87,AITC,Girindra Nath Barman,87115,40.67,26134,12.199999999999996,BJP,AITC Bloc,10 April 2021
3,Cooch Behar Uttar (SC),COOCH BEHAR UTTAR (SC),BJP,Sukumar Roy,120483,49.4,AITC,Binay Krishna Barman,105868,43.4,14615,6.0,BJP,AITC Bloc,10 April 2021
4,Cooch Behar Dakshin,COOCH BEHAR DAKSHIN,BJP,Nikhil Ranjan Dey,96629,46.83,AITC,Avijit De Bhowmik,91830,44.31,4799,2.519999999999996,BJP,AITC Bloc,10 April 2021
5,Sitalkuchi (SC),SITALKUCHI (SC),BJP,Baren Chandra Barman,124955,50.8,AITC,Partha Pratim Ray,107140,43.56,17815,7.239999999999995,BJP,AITC Bloc,10 April 2021
6,Sitai (SC),SITAI (SC),AITC,Jagadish Chandra Barma Basunia,117908,49.42,BJP,Dipak Kumar Roy,107796,45.18,10112,4.240000000000002,AITC Bloc,BJP,10 April 2021
7,Dinhata,DINHATA,BJP,Nisith Pramanik,116035,47.6,AITC,Udayan Guha,115978,47.58,57,0.020000000000003126,BJP,AITC Bloc,10 April 2021
8,Natabari,NATABARI,BJP,Mihir Goswami,111743,51.45,AITC,Rabindra Nath Ghosh,88303,40.66,23440,10.790000000000006,BJP,AITC Bloc,10 April 2021
9,Tufanganj,TUFANGANJ,BJP,Malati Rava Roy,114503,54.69,AITC,Pranab Kumar Dey,83305,39.79,31198,14.899999999999999,BJP,AITC Bloc,10 April 2021
10,Kumargram (ST),KUMARGRAM (ST),BJP,Manoj Kumar Oraon,111974,48.16,AITC,Leos Kujar,100973,43.43,11001,4.729999999999997,BJP,AITC Bloc,10 April 2021
11,Kalchini (ST),KALCHINI (ST),BJP,Bishal Lama,103104,52.65,AITC,Pasang Lama,74528,38.06,28576,14.589999999999996,BJP,AITC Bloc,10 April 2021
12,Alipurduars,ALIPURDUARS,BJP,Suman Kanjilal,107333,48.19,AITC,Sourav Chakraborty,91326,41.0,16007,7.189999999999998,BJP,AITC Bloc,10 April 2021
13,Falakata,FALAKATA,BJP,Dipak Barman,102993,46.71,AITC,Subhash Chanda Roy,99003,44.9,3990,1.8100000000000023,BJP,AITC Bloc,10 April 2021
14,Madarihat,MADARIHAT,BJP,Manoj Tigga,90718,54.35,AITC,Rajesh Lakra,61033,36.56,29685,17.79,BJP,AITC Bloc,10 April 2021
15,Dhupguri (SC),DHUPGURI (SC),BJP,Bishnu Pada Ray,104688,45.64,AITC,Mitali Roy,100333,43.75,4355,1.8900000000000006,BJP,AITC Bloc,17 April 2021
16,Maynaguri (SC),MAYNAGURI (SC),BJP,Kaushik Roy,115306,48.84,AITC,Manoj Roy,103395,43.79,11911,5.050000000000004,BJP,AITC Bloc,17 April 2021
17,Jalpaiguri (SC),JALPAIGURI (SC),AITC,Pradip Kumar Barma,95668,42.34,BJP,Sujit Singha,94727,41.93,941,0.4100000000000037,AITC Bloc,BJP,17 April 2021
18,Rajganj (SC),RAJGANJ (SC),AITC,Khageswar Roy,104641,48.5,BJP,Supen Roy,88868,41.19,15773,7.310000000000002,AITC Bloc,BJP,17 April 2021
19,Dabgram-Phulbari,DABGRAM-PHULBARI,BJP,Sikha Chatteree,129088,49.85,AITC,Goutam Deb,101495,39.19,27593,10.660000000000004,BJP,AITC Bloc,17 April 2021
20,Mal (ST),MAL (ST),AITC,Bulu Chik Baraik,99086,46.46,BJP,Mahesh Bagey,93621,43.9,5465,2.5600000000000023,AITC Bloc,BJP,17 April 2021
21,Nagrakata (ST),NAGRAKATA (ST),BJP,Puna Bhengra,70945,47.78,AITC,Joseph Munda,56543,38.08,14402,9.700000000000003,BJP,AITC Bloc,17 April 2021
22,Kalimpong,KALIMPONG,GJM (Tamang),Ruden Sada Lepcha,58206,37.59,BJP,Suva Pradhan,54336,35.09,3870,2.5,AITC Bloc,BJP,17 April 2021
23,Darjeeling,DARJEELING,BJP,Neeraj Zimba,68907,40.88,GJM (Tamang),Keshav Raj Sharma,47631,28.26,21726,12.620000000000001,BJP,AITC Bloc,17 April 2021
24,Kurseong,KURSEONG,BJP,Bishnu Prasad Sharma,73475,41.86,GJM (Tamang),Tshering Lama Dahal,57960,33.02,15515,8.839999999999996,BJP,AITC Bloc,17 April 2021
25,Matigara-Naxalbari (SC),MATIGARA-NAXALBARI (SC),BJP,Anandamoy Barman,139785,58.1,AITC,Rajen Sundas,68454,28.65,70848,29.450000000000003,BJP,AITC Bloc,17 April 2021
26,Siliguri,SILIGURI,BJP,Shankar Ghosh,89370,50.03,AITC,Om Prakash Mishra,53784,30.11,35586,19.92,BJP,AITC Bloc,17 April 2021
27,Phansidewa (ST),PHANSIDEWA (ST),BJP,Durga Murmu,105651,50.89,AITC,Choton Kisku,77940,37.55,27711,13.340000000000003,BJP,AITC Bloc,17 April 2021
28,Chopra,CHOPRA,AITC,Hamidul Rahaman,124923,61.2,BJP,Md. Shahin Akhtar,59604,29.4,65319,31.800000000000004,AITC Bloc,BJP,22 April 2021
29,Islampur,ISLAMPUR,AITC,Abdul Karim Chowdhury,100131,58.91,BJP,Saumya Roop Mandal,62691,36.88,37440,22.029999999999994,AITC Bloc,BJP,22 April 2021
30,Goalpokhar,GOALPOKHAR,AITC,Md. Ghulam Rabbani,105649,65.4,BJP,Gulam Sarwar,32135,19.89,73514,45.510000000000005,AITC Bloc,BJP,22 April 2021
31,Chakulia,CHAKULIA,AITC,Minhajul Arfin Azad,86311,49.78,BJP,Sachin Prasad,52474,30.26,33837,19.52,AITC Bloc,BJP,22 April 2021
32,Karandighi,KARANDIGHI,AITC,Goutam Pal,116594,54.7,BJP,Subhash Singha,79968,37.52,36626,17.18,AITC Bloc,BJP,22 April 2021
33,Hemtabad (SC),HEMTABAD (SC),AITC,Satyajit Burman,116425,52.14,BJP,Chandima Roy,89210,39.95,27215,12.189999999999998,AITC Bloc,BJP,22 April 2021
34,Kaliaganj (SC),KALIAGANJ (SC),BJP,Soumen Roy,116768,48.71,AITC,Tapan Dev Singha,94948,39.61,21820,9.100000000000001,BJP,AITC Bloc,22 April 2021
35,Raiganj,RAIGANJ,BJP,Krishna Kalyani,79775,49.44,AITC,Kanaia Lal Agarwal,59027,36.58,20748,12.86,BJP,AITC Bloc,22 April 2021
36,Itahar,ITAHAR,AITC,Mosaraf Hossain,114645,59.1,BJP,Amit Kumar Kundu,70670,36.43,43975,22.67,AITC Bloc,BJP,22 April 2021
37,Kushmandi (SC),KUSHMANDI (SC),AITC,Rekha Roy,89968,48.88,BJP,Ranjit Kumar Roy,77384,42.08,12584,6.800000000000004,AITC Bloc,BJP,26 April 2021
38,Kumarganj,KUMARGANJ,AITC,Toraf Hossain Mondal,89117,52.58,BJP,Manas Sarkar,59736,35.24,29381,17.339999999999996,AITC Bloc,BJP,26 April 2021
39,Balurghat,BALURGHAT,BJP,Ashok Lahiri,70484,47.25,AITC,Sekhar Dasgupta,57585,38.6,12899,8.649999999999999,BJP,AITC Bloc,26 April 2021
40,Tapan (ST),TAPAN (ST),BJP,Budhrai Tudu,84381,45.29,AITC,Kalpana Kisku,82731,44.41,1650,0.8800000000000026,BJP,AITC Bloc,26 April 2021
41,Gangarampur (SC),GANGARAMPUR (SC),BJP,Satyendra Nath Ray,88724,46.82,AITC,Goutam Das,84132,44.4,4592,2.4200000000000017,BJP,AITC Bloc,26 April 2021
42,Harirampur,HARIRAMPUR,AITC,Biplab Mitra,96131,51.23,BJP,Nilanjan Roy,73459,39.15,22672,12.079999999999998,AITC Bloc,BJP,26 April 2021
43,Habibpur (ST),HABIBPUR (ST),BJP,Joyel Murmu,94075,47.52,AITC,Prodip Baskey,74558,37.66,19517,9.860000000000007,BJP,AITC Bloc,26 April 2021
44,Gazole (SC),GAZOLE (SC),BJP,Chinmoy Deb Barman,100655,45.5,AITC,Basanti Barman,98857,44.69,1798,0.8100000000000023,BJP,AITC Bloc,26 April 2021
45,Chanchal,CHANCHAL,AITC,Nihar Ranjan Ghosh,115966,58.08,BJP,Dipankar Ram,48628,24.35,67338,33.73,AITC Bloc,BJP,26 April 2021
46,Harishchandrapur,HARISHCHANDRAPUR,AITC,Tajmul Hossain,122527,60.31,BJP,Matibur Rahaman,45054,22.18,77473,38.13,AITC Bloc,BJP,26 April 2021
47,Malatipur,MALATIPUR,AITC,Abdur Rahim Boxi,126157,68.02,BJP,Mousumi Das,34208,18.44,91949,49.58,AITC Bloc,BJP,26 April 2021
48,Ratua,RATUA,AITC,Samar Mukherjee,130674,59.63,BJP,Abhishek Singhania,55024,25.11,75650,34.52,AITC Bloc,BJP,26 April 2021
49,Manikchak,MANIKCHAK,AITC,Sabitri Mitra,110234,53.26,BJP,Gour Chandra Mandal,76356,36.89,33878,16.369999999999997,AITC Bloc,BJP,29 April 2021
50,Maldaha,MALDAHA,BJP,Gopal Chandra Saha,93398,45.23,AITC,Ujjwal Kumar Chowdhury,77942,37.75,15456,7.479999999999997,BJP,AITC Bloc,29 April 2021
51,English Bazar,ENGLISH BAZAR,BJP,Sreerupa Mitra Chaudhury,107755,49.96,AITC,Krishnendu Narayan Choudhury,87656,40.64,20099,9.32,BJP,AITC Bloc,29 April 2021
52,Mothabari,MOTHABARI,AITC,Yeasmin Sabina,97397,59.7,BJP,Shyamchand Ghosh,40824,25.02,56573,34.68000000000001,AITC Bloc,BJP,29 April 2021
53,Sujapur,SUJAPUR,AITC,Md. Abdul Ghani,152445,73.44,INC,Isha Khan Choudhury,22282,10.73,130163,62.709999999999994,AITC Bloc,Left-Cong-ISF Bloc,29 April 2021
54,Baisnabnagar,BAISNABNAGAR,AITC,Chandana Sarkar,83061,39.81,BJP,Swadhin Kumar Sarkar,80590,38.62,2471,1.1900000000000048,AITC Bloc,BJP,29 April 2021
55,Farakka,FARAKKA,AITC,Manirul Islam,102319,54.89,BJP,Hemanta Ghosh,42374,22.73,59945,32.16,AITC Bloc,BJP,26 April 2021
56,Samserganj[a][1][2][3],SAMSERGANJ[A][1][2][3],AITC,Amirul Islam,96417,51.13,INC,Zaidur Rahaman,70038,37.14,26379,13.990000000000002,AITC Bloc,Left-Cong-ISF Bloc,30 September 2021
57,Suti,SUTI,AITC,Emani Biswas,127351,58.87,BJP,Koushik Das,56650,26.19,70701,32.67999999999999,AITC Bloc,BJP,26 April 2021
58,Jangipur[a][4][5][3],JANGIPUR[A][4][5][3],AITC,Jakir Hossain,136444,68.82,BJP,Sujit Das,43964,22.17,92480,46.64999999999999,AITC Bloc,BJP,30 September 2021
59,Raghunathganj,RAGHUNATHGANJ,AITC,Akhruzzaman,126834,66.59,BJP,Golam Modaswer,28521,14.97,98313,51.620000000000005,AITC Bloc,BJP,26 April 2021
60,Sagardighi,SAGARDIGHI,AITC,Subrata Saha,95189,50.95,BJP,Mafuja Khatun,44983,24.08,50206,26.870000000000005,AITC Bloc,BJP,26 April 2021
61,Lalgola,LALGOLA,AITC,Mohammad Ali,107860,56.64,INC,Abu Hena,47153,24.76,60707,31.88,AITC Bloc,Left-Cong-ISF Bloc,26 April 2021
62,Bhagabangola,BHAGABANGOLA,AITC,Idris Ali,153795,68.05,CPI(M),Md Kamal Hossain,47787,21.15,106008,46.9,AITC Bloc,Left-Cong-ISF Bloc,26 April 2021
63,Raninagar,RANINAGAR,AITC,Abdul Soumik Hossain,134957,60.79,INC,Firoza Begam,55255,24.89,79702,35.9,AITC Bloc,Left-Cong-ISF Bloc,26 April 2021
64,Murshidabad,MURSHIDABAD,BJP,Gouri Shankar Ghosh,95967,41.86,AITC,Shaoni Singha Roy,93476,40.78,2491,1.0799999999999983,BJP,AITC Bloc,26 April 2021
65,Nabagram (SC),NABAGRAM (SC),AITC,Kanai Chandra Mondal,100455,48.18,BJP,Mohan Halder,64922,31.14,35533,17.04,AITC Bloc,BJP,26 April 2021
66,Khargram (SC),KHARGRAM (SC),AITC,Ashis Marjit,93255,50.15,BJP,Aditya Moulik,60682,32.64,32573,17.509999999999998,AITC Bloc,BJP,29 April 2021
67,Burwan (SC),BURWAN (SC),AITC,Jiban Krishna Saha,81890,46.32,BJP,Amiya Kumar Das,79141,44.76,2749,1.5600000000000023,AITC Bloc,BJP,29 April 2021
68,Kandi,KANDI,AITC,Apurba Sarkar,95399,51.16,BJP,Goutam Roy,57319,30.74,38080,20.419999999999998,AITC Bloc,BJP,29 April 2021
69,Bharatpur,BHARATPUR,AITC,Humayun Kabir,96226,50.9,BJP,Iman Kalyan Mukherjee,53143,28.11,43083,22.79,AITC Bloc,BJP,29 April 2021
70,Rejinagar,REJINAGAR,AITC,Rabiul Alam Chowdhury,118494,56.31,BJP,Arabinda Biswas,50226,23.87,68268,32.44,AITC Bloc,BJP,29 April 2021
71,Beldanga,BELDANGA,AITC,SK Hasanuzzaman,112862,55.19,BJP,Sumit Ghosh,59030,28.86,53832,26.33,AITC Bloc,BJP,29 April 2021
72,Baharampur,BAHARAMPUR,BJP,Subrata Maitra,89340,45.21,AITC,Naru Gopal Mukherjee,62488,31.62,26852,13.59,BJP,AITC Bloc,29 April 2021
73,Hariharpara,HARIHARPARA,AITC,Niamot Sheikh,102660,47.51,INC,Mir Alamgir,88594,41.0,14066,6.509999999999998,AITC Bloc,Left-Cong-ISF Bloc,29 April 2021
74,Naoda,NAODA,AITC,Sahina Momtaz Khan,117684,58.16,BJP,Anupam Mandal,43531,21.51,74153,36.64999999999999,AITC Bloc,BJP,29 April 2021
75,Domkal,DOMKAL,AITC,Jafikul Islam,127671,56.45,CPI(M),Md Mostafizur Rahaman,80442,35.57,47229,20.880000000000003,AITC Bloc,Left-Cong-ISF Bloc,29 April 2021
76,Jalangi,JALANGI,AITC,Abdur Razzak,123840,55.74,CPI(M),Saiful Islam Molla,44564,20.06,79276,35.68000000000001,AITC Bloc,Left-Cong-ISF Bloc,29 April 2021
77,Karimpur,KARIMPUR,AITC,Bimlendu Sinha Roy,110911,50.07,BJP,Samarendra Nath Ghosh,87336,39.43,23575,10.64,AITC Bloc,BJP,22 April 2021
78,Tehatta,TEHATTA,AITC,Tapas Kumar Saha,97848,44.86,BJP,Ashutosh Paul,90933,41.69,6915,3.1700000000000017,AITC Bloc,BJP,22 April 2021
79,Palashipara,PALASHIPARA,AITC,Dr. Manik Bhattacharya,110274,54.22,BJP,Bibhash Chandra Mandal,58938,28.98,51336,25.24,AITC Bloc,BJP,22 April 2021
80,Kaliganj,KALIGANJ,AITC,Nasiruddin Ahamed,111696,53.35,BJP,Abhijit Ghosh,64709,30.91,46987,22.44,AITC Bloc,BJP,22 April 2021
81,Nakashipara,NAKASHIPARA,AITC,Kallol Khan,104812,50.01,BJP,Santanu Dey,83541,39.86,21271,10.149999999999999,AITC Bloc,BJP,22 April 2021
82,Chapra,CHAPRA,AITC,Rukbanur Rahman,73866,34.65,IND,Jeber Sekh,61748,28.97,12118,5.68,AITC Bloc,Others,22 April 2021
83,Krishnanagar Uttar,KRISHNANAGAR UTTAR,BJP,Mukul Roy,109357,54.19,AITC,Koushani Mukherjee,74268,36.8,35089,17.39,BJP,AITC Bloc,22 April 2021
84,Nabadwip,NABADWIP,AITC,Pundarikakshya Saha,102170,48.52,BJP,Sidhartha Shankar Naskar,83599,39.7,18571,8.82,AITC Bloc,BJP,22 April 2021
85,Krishnanagar Dakshin,KRISHNANAGAR DAKSHIN,AITC,Ujjal Biswas,91738,46.88,BJP,Mahadev Sarkar,82433,42.13,9305,4.75,AITC Bloc,BJP,22 April 2021
86,Santipur,SANTIPUR,BJP,Jagannath Sarkar,109722,49.94,AITC,Ajoy Dey,93844,42.72,15878,7.219999999999999,BJP,AITC Bloc,17 April 2021
87,Ranaghat Uttar Paschim,RANAGHAT UTTAR PASCHIM,BJP,Parthasarathi Chatterjee,113637,50.91,AITC,Sankar Singha,90509,40.55,23128,10.36,BJP,AITC Bloc,17 April 2021
88,Krishnaganj (SC),KRISHNAGANJ (SC),BJP,Ashis Kumar Biswas,117668,50.73,AITC,Dr. Tapas Mandal,96391,41.56,21277,9.169999999999995,BJP,AITC Bloc,17 April 2021
89,Ranaghat Uttar Purba (SC),RANAGHAT UTTAR PURBA (SC),BJP,Ashim Biswas,116786,54.39,AITC,Samir Kumar Poddar,85004,39.59,31782,14.799999999999997,BJP,AITC Bloc,17 April 2021
90,Ranaghat Dakshin (SC),RANAGHAT DAKSHIN (SC),BJP,Mukut Mani Adhikari,119260,49.34,AITC,Barnali Dey Roy,102745,42.51,16515,6.830000000000005,BJP,AITC Bloc,17 April 2021
91,Chakdaha,CHAKDAHA,BJP,Bankim Chandra Ghosh,99368,46.86,AITC,Subhankar Singha,87688,41.35,11680,5.509999999999998,BJP,AITC Bloc,17 April 2021
92,Kalyani (SC),KALYANI (SC),BJP,Ambika Roy,97026,44.04,AITC,Aniruddha Biswas,94820,43.03,2206,1.009999999999998,BJP,AITC Bloc,17 April 2021
93,Haringhata (SC),HARINGHATA (SC),BJP,Asim Kumar Sarkar,97666,46.31,AITC,Nilima Nag,82466,39.11,15200,7.200000000000003,BJP,AITC Bloc,17 April 2021
94,Bagda (SC),BAGDA (SC),BJP,Biswajit Das,108111,49.41,AITC,Paritosh Kumar Saha,98319,44.94,9792,4.469999999999999,BJP,AITC Bloc,22 April 2021
95,Bangaon Uttar (SC),BANGAON UTTAR (SC),BJP,Ashok Kirtania,97761,47.65,AITC,Shyamal Roy,87273,42.54,10488,5.109999999999999,BJP,AITC Bloc,22 April 2021
96,Bangaon Dakshin (SC),BANGAON DAKSHIN (SC),BJP,Swapan Majumder,97828,47.07,AITC,Alo Rani Sarkar,95824,46.11,2004,0.9600000000000009,BJP,AITC Bloc,22 April 2021
97,Gaighata (SC),GAIGHATA (SC),BJP,Subrata Thakur,100808,47.27,AITC,Narottam Biswas,91230,42.78,9578,4.490000000000002,BJP,AITC Bloc,22 April 2021
98,Swarupnagar (SC),SWARUPNAGAR (SC),AITC,Bina Mondal,99784,47.11,BJP,Brindaban Sarkar,64984,30.68,34800,16.43,AITC Bloc,BJP,22 April 2021
99,Baduria,BADURIA,AITC,Abdur Rahim Quazi,109701,51.53,BJP,Sukalyan Baidya,53257,25.02,56444,26.51,AITC Bloc,BJP,22 April 2021
100,Habra,HABRA,AITC,Jyotipriya Mallick,90533,44.34,BJP,Biswajit Sinha,86692,42.46,3841,1.8800000000000026,AITC Bloc,BJP,22 April 2021
101,Ashoknagar,ASHOKNAGAR,AITC,Narayan Goswami,93587,43.18,BJP,Tanuja Chakraborty,70055,32.32,23532,10.86,AITC Bloc,BJP,22 April 2021
102,Amdanga,AMDANGA,AITC,Rafiqur Rahaman,88935,42.0,BJP,Joydev Manna,63455,29.97,25480,12.030000000000001,AITC Bloc,BJP,22 April 2021
103,Bijpur,BIJPUR,AITC,Subodh Adhikary,66625,47.9,BJP,Subhranshu Roy,53278,38.3,13347,9.600000000000001,AITC Bloc,BJP,22 April 2021
104,Naihati,NAIHATI,AITC,Partha Bhowmick,77753,49.69,BJP,Phalguni Patra,58898,37.64,18855,12.049999999999997,AITC Bloc,BJP,22 April 2021
105,Bhatpara,BHATPARA,BJP,Pawan Kumar Singh,57244,53.4,AITC,Jitendra Shaw,43557,40.63,13687,12.769999999999996,BJP,AITC Bloc,22 April 2021
106,Jagatdal,JAGATDAL,AITC,Somenath Shyam Ichini,87030,48.01,BJP,Arindam Bhattacharya,68666,37.88,18364,10.129999999999995,AITC Bloc,BJP,22 April 2021
107,Noapara,NOAPARA,AITC,Manju Basu,94203,48.9,BJP,Sunil Singh,67493,35.04,26710,13.86,AITC Bloc,BJP,22 April 2021
108,Barrackpore,BARRACKPORE,AITC,Raj Chakraborty,68887,46.47,BJP,Chandramani Shukla,59665,40.25,9222,6.219999999999999,AITC Bloc,BJP,22 April 2021
109,Khardaha,KHARDAHA,AITC,Kajal Sinha,89807,49.04,BJP,Silbhadra Datta,61667,33.67,28140,15.369999999999997,AITC Bloc,BJP,22 April 2021
110,Dum Dum Uttar,DUM DUM UTTAR,AITC,Chandrima Bhattacharya,95465,44.79,BJP,Dr. Archana Majumdar,66966,31.42,28499,13.369999999999997,AITC Bloc,BJP,22 April 2021
111,Panihati,PANIHATI,AITC,Nirmal Ghosh,86495,49.61,BJP,Sanmoy Bandyopadhyay,61318,35.17,25177,14.439999999999998,AITC Bloc,BJP,17 April 2021
112,Kamarhati,KAMARHATI,AITC,Madan Mitra,73845,51.17,BJP,Anindya Banerjee,38437,26.64,35408,24.53,AITC Bloc,BJP,17 April 2021
113,Baranagar,BARANAGAR,AITC,Tapas Roy,85615,53.42,BJP,Parno Mitra,50468,31.49,35147,21.930000000000003,AITC Bloc,BJP,17 April 2021
114,Dum Dum,DUM DUM,AITC,Bratya Basu,87999,47.48,BJP,Bimalshankar Nanda,61368,33.06,26731,14.419999999999995,AITC Bloc,BJP,17 April 2021
115,Rajarhat New Town,RAJARHAT NEW TOWN,AITC,Tapash Chatterjee,127374,54.22,BJP,Bhaskar Roy,70942,30.2,56432,24.02,AITC Bloc,BJP,17 April 2021
116,Bidhannagar,BIDHANNAGAR,AITC,Sujit Bose,75912,46.85,BJP,Sabyasachi Dutta,67915,41.91,7997,4.940000000000005,AITC Bloc,BJP,17 April 2021
117,Rajarhat Gopalpur,RAJARHAT GOPALPUR,AITC,Aditi Munshi,87650,49.04,BJP,Samik Bhattacharya,62354,34.89,25296,14.149999999999999,AITC Bloc,BJP,17 April 2021
118,Madhyamgram,MADHYAMGRAM,AITC,Rathin Ghosh,112741,48.93,BJP,Rajasree Rajbanshi,64615,28.04,48126,20.89,AITC Bloc,BJP,17 April 2021
119,Barasat,BARASAT,AITC,Chiranjeet Chakraborty,104431,46.27,BJP,Sankar Chatterjee,80648,35.73,23783,10.540000000000006,AITC Bloc,BJP,17 April 2021
120,Deganga,DEGANGA,AITC,Rahima Mondal,100105,46.7,ISF,Karim Ali,67568,31.52,32537,15.180000000000003,AITC Bloc,Left-Cong-ISF Bloc,17 April 2021
121,Haroa,HAROA,AITC,Islam Sk Nurul (Haji),130398,57.34,ISF,Kutubuddin Fathe,49420,21.73,80978,35.61,AITC Bloc,Left-Cong-ISF Bloc,17 April 2021
122,Minakhan (SC),MINAKHAN (SC),AITC,Usha Rani Mondal,109818,51.72,BJP,Jayanta Mondal,53988,25.42,55830,26.299999999999997,AITC Bloc,BJP,17 April 2021
123,Sandeshkhali (ST),SANDESHKHALI (ST),AITC,Sukumar Mahata,112450,54.64,BJP,Dr. Bhaskar Sardar,72765,35.36,39685,19.28,AITC Bloc,BJP,17 April 2021
124,Basirhat Dakshin,BASIRHAT DAKSHIN,AITC,Dr. Saptarshi Banerjee,115873,49.15,BJP,Tarak Nath Ghosh,91405,38.77,24468,10.379999999999995,AITC Bloc,BJP,17 April 2021
125,Basirhat Uttar,BASIRHAT UTTAR,AITC,Rafikul Islam Mondal,137216,57.55,ISF,Md. Baijid Amin,47865,20.08,89351,37.47,AITC Bloc,Left-Cong-ISF Bloc,17 April 2021
126,Hingalganj (SC),HINGALGANJ (SC),AITC,Debes Mandal,104706,53.78,BJP,Nemai Das,79790,40.98,24916,12.800000000000004,AITC Bloc,BJP,17 April 2021
127,Gosaba (SC),GOSABA (SC),AITC,Jayanta Naskar,105723,53.99,BJP,Barun Pramanik (Chitta),82014,41.88,23709,12.11,AITC Bloc,BJP,1 April 2021
128,Basanti (SC),BASANTI (SC),AITC,Shyamal Mondal,111453,52.1,BJP,Ramesh Majhi,60811,28.43,50642,23.67,AITC Bloc,BJP,6 April 2021
129,Kultali (SC),KULTALI (SC),AITC,Ganesh Chandra Mondal,117238,51.57,BJP,Mintu Halder,70061,30.82,47177,20.75,AITC Bloc,BJP,6 April 2021
130,Patharpratima,PATHARPRATIMA,AITC,Samir Kumar Jana,120181,51.85,BJP,Asit Kumar Haldar,98047,42.3,22134,9.550000000000004,AITC Bloc,BJP,1 April 2021
131,Kakdwip,KAKDWIP,AITC,Manturam Pakhira,114493,52.14,BJP,Dipankar Jana,89191,40.62,25302,11.520000000000003,AITC Bloc,BJP,1 April 2021
132,Sagar,SAGAR,AITC,Bankim Chandra Hazra,129000,53.96,BJP,Kamila Bikash,99154,41.48,29846,12.480000000000004,AITC Bloc,BJP,1 April 2021
133,Kulpi,KULPI,AITC,Jogaranjan Halder,96577,50.01,BJP,Pranab Kumar Mallik,62759,32.5,33818,17.509999999999998,AITC Bloc,BJP,6 April 2021
134,Raidighi,RAIDIGHI,AITC,Aloke Jaldata,115707,48.47,BJP,Santanu Bapuli,80139,33.57,35568,14.899999999999999,AITC Bloc,BJP,6 April 2021
135,Mandirbazar (SC),MANDIRBAZAR (SC),AITC,Joydeb Halder,95834,48.04,BJP,Dilip Kumar Jatua,72342,36.26,23492,11.780000000000001,AITC Bloc,BJP,6 April 2021
136,Jaynagar (SC),JAYNAGAR (SC),AITC,Biswanath Das,104952,51.85,BJP,Rabin Sardar,66269,32.74,38683,19.11,AITC Bloc,BJP,6 April 2021
137,Baruipur Purba (SC),BARUIPUR PURBA (SC),AITC,Bivas Sardar (Vobo),123243,54.75,BJP,Chandan Mondal,73602,32.7,49641,22.049999999999997,AITC Bloc,BJP,6 April 2021
138,Canning Paschim (SC),CANNING PASCHIM (SC),AITC,Paresh Ram Das,111059,50.86,BJP,Arnab Roy,75816,34.72,35243,16.14,AITC Bloc,BJP,6 April 2021
139,Canning Purba,CANNING PURBA,AITC,Saokat Molla,122301,52.54,ISF,Gazi Shahabuddin Siraji,69294,29.77,53007,22.77,AITC Bloc,Left-Cong-ISF Bloc,6 April 2021
140,Baruipur Paschim,BARUIPUR PASCHIM,AITC,Biman Banerjee,121006,57.27,BJP,Debopam Chattopadhyaya (Babu),59096,27.97,61910,29.300000000000004,AITC Bloc,BJP,6 April 2021
141,Magrahat Purba (SC),MAGRAHAT PURBA (SC),AITC,Namita Saha,110945,53.82,BJP,Chandan Kumar Naskar,56866,27.58,54079,26.240000000000002,AITC Bloc,BJP,6 April 2021
142,Magrahat Paschim,MAGRAHAT PASCHIM,AITC,Gias Uddin Molla,97006,49.93,BJP,Dhurjati Saha (Manas),50065,25.77,46941,24.16,AITC Bloc,BJP,6 April 2021
143,Diamond Harbour,DIAMOND HARBOUR,AITC,Pannalal Halder,98478,43.69,BJP,Dipak Kumar Halder,81482,36.15,16996,7.539999999999999,AITC Bloc,BJP,6 April 2021
144,Falta,FALTA,AITC,Sankar Kumar Naskar,117179,56.35,BJP,Bidhan Parui,76405,36.75,40774,19.6,AITC Bloc,BJP,6 April 2021
145,Satgachia,SATGACHIA,AITC,Mohan Chandra Naskar,118635,50.37,BJP,Chandan Pal,95317,40.47,23318,9.899999999999999,AITC Bloc,BJP,6 April 2021
146,Bishnupur (South 24 Parganas) (SC),BISHNUPUR (SOUTH 24 PARGANAS) (SC),AITC,Dilip Mondal,136509,57.46,BJP,Agniswar Naskar,77677,32.7,58832,24.759999999999998,AITC Bloc,BJP,6 April 2021
147,Sonarpur Dakshin,SONARPUR DAKSHIN,AITC,Arundhuti Maitra (Lovely),109222,46.92,BJP,Anjana Basu,83041,35.67,26181,11.25,AITC Bloc,BJP,10 April 2021
148,Bhangar[9],BHANGAR[9],ISF,Nawsad Siddique,109237,45.1,AITC,Karim Rezaul,83086,34.31,26151,10.79,Left-Cong-ISF Bloc,AITC Bloc,10 April 2021
149,Kasba,KASBA,AITC,Javed Ahmed Khan,121372,54.39,BJP,Dr. Indranil Khan,57750,25.88,63622,28.51,AITC Bloc,BJP,10 April 2021
150,Jadavpur,JADAVPUR,AITC,Debabrata Majumdar (Malay),98100,45.54,CPI(M),Dr. Sujan Chakraborty,59231,27.5,38869,18.04,AITC Bloc,Left-Cong-ISF Bloc,10 April 2021
151,Sonarpur Uttar,SONARPUR UTTAR,AITC,Firdousi Begum,119957,49.88,BJP,Ranjan Baidya,83867,34.87,36090,15.010000000000005,AITC Bloc,BJP,10 April 2021
152,Tollygunge,TOLLYGUNGE,AITC,Aroop Biswas,101440,51.4,BJP,Babul Supriyo,51360,26.02,50080,25.38,AITC Bloc,BJP,10 April 2021
153,Behala Purba,BEHALA PURBA,AITC,Ratna Chatterjee,110968,50.01,BJP,Payel Sarkar,73540,33.15,37428,16.86,AITC Bloc,BJP,10 April 2021
154,Behala Paschim,BEHALA PASCHIM,AITC,Partha Chatterjee,114778,49.51,BJP,Srabanti Chatterjee,63894,27.56,50884,21.95,AITC Bloc,BJP,10 April 2021
155,Maheshtala,MAHESHTALA,AITC,Dulal Chandra Das,124008,56.38,BJP,Umesh Das,66059,30.03,57949,26.35,AITC Bloc,BJP,10 April 2021
156,Budge Budge,BUDGE BUDGE,AITC,Ashok Kumar Deb,122357,56.41,BJP,Dr. Tarun Kumar Adak,77643,35.8,44714,20.61,AITC Bloc,BJP,10 April 2021
157,Metiaburuz,METIABURUZ,AITC,Abdul Khaleque Molla,151066,76.85,BJP,Ramjit Prasad,31462,16.0,119604,60.849999999999994,AITC Bloc,BJP,10 April 2021
158,Kolkata Port,KOLKATA PORT,AITC,Firhad Hakim,105543,69.23,BJP,Awadh Kishore Gupta,36989,24.26,68554,44.97,AITC Bloc,BJP,26 April 2021
159,Bhabanipur,BHABANIPUR,AITC,Sobhandeb Chattopadhyay,73505,57.71,BJP,Rudranil Ghosh,44786,35.16,28719,22.550000000000004,AITC Bloc,BJP,26 April 2021
160,Rashbehari,RASHBEHARI,AITC,Debasish Kumar,65704,52.79,BJP,Lt. Gen. (Dr.) Subrata Saha,44290,35.59,21414,17.199999999999996,AITC Bloc,BJP,26 April 2021
161,Ballygunge,BALLYGUNGE,AITC,Subrata Mukherjee,106585,70.6,BJP,Lokenath Chatterjee,31226,20.68,75359,49.919999999999995,AITC Bloc,BJP,26 April 2021
162,Chowrangee,CHOWRANGEE,AITC,Nayna Bandyopadhyay,70101,62.87,BJP,Devdutta Maji,24757,22.2,45344,40.67,AITC Bloc,BJP,29 April 2021
163,Entally,ENTALLY,AITC,Swarna Kamal Saha,101709,64.83,BJP,Priyanka Tibrewal,43452,27.7,58257,37.129999999999995,AITC Bloc,BJP,29 April 2021
164,Beleghata,BELEGHATA,AITC,Paresh Paul,103182,65.1,BJP,Kashinath Biswas,36042,22.74,67140,42.36,AITC Bloc,BJP,29 April 2021
165,Jorasanko,JORASANKO,AITC,Vivek Gupta,52123,52.67,BJP,Meena Devi Purohit,39380,39.8,12743,12.870000000000005,AITC Bloc,BJP,29 April 2021
166,Shyampukur,SHYAMPUKUR,AITC,Dr. Shashi Panja,55785,54.18,BJP,Sandipan Biswas,33265,32.31,22520,21.869999999999997,AITC Bloc,BJP,29 April 2021
167,Maniktala,MANIKTALA,AITC,Sadhan Pande,67577,50.82,BJP,Kalyan Chaubey,47339,35.6,20238,15.219999999999999,AITC Bloc,BJP,29 April 2021
168,Kashipur-Belgachia,KASHIPUR-BELGACHIA,AITC,Atin Ghosh,76182,56.48,BJP,Sibaji Sinha Roy,40792,30.24,35390,26.24,AITC Bloc,BJP,29 April 2021
169,Bally,BALLY,AITC,Rana Chatterjee,53347,42.38,BJP,Baishali Dalmiya,47110,37.43,6237,4.950000000000003,AITC Bloc,BJP,10 April 2021
170,Howrah Uttar,HOWRAH UTTAR,AITC,Gautam Chowdhuri,71575,47.81,BJP,Umesh Rai,66053,44.12,5522,3.690000000000005,AITC Bloc,BJP,10 April 2021
171,Howrah Madhya,HOWRAH MADHYA,AITC,Arup Roy,111554,57.16,BJP,Sanjay Singh,65007,33.31,46547,23.849999999999994,AITC Bloc,BJP,10 April 2021
172,Shibpur,SHIBPUR,AITC,Manoj Tiwary,92372,50.69,BJP,Rathin Chakrabarty,59769,32.8,32603,17.89,AITC Bloc,BJP,10 April 2021
173,Howrah Dakshin,HOWRAH DAKSHIN,AITC,Nandita Chowdhury,116839,53.85,BJP,Rantidev Sengupta,66270,30.55,50569,23.3,AITC Bloc,BJP,10 April 2021
174,Sankrail (SC),SANKRAIL (SC),AITC,Priya Paul,111888,50.37,BJP,Probhakar Pandit,71461,32.17,40427,18.199999999999996,AITC Bloc,BJP,10 April 2021
175,Panchla,PANCHLA,AITC,Gulsan Mullick,104572,48.19,BJP,Mohit Lal Ghanti,71821,33.1,32751,15.089999999999996,AITC Bloc,BJP,10 April 2021
176,Uluberia Purba,ULUBERIA PURBA,AITC,Bidesh Ranjan Bose,86526,44.83,BJP,Pratyush Mandal,69400,35.95,17126,8.879999999999995,AITC Bloc,BJP,10 April 2021
177,Uluberia Uttar (SC),ULUBERIA UTTAR (SC),AITC,Dr. Nirmal Maji,91501,49.25,BJP,Chiran Bera,70498,37.95,21003,11.299999999999997,AITC Bloc,BJP,6 April 2021
178,Uluberia Dakshin,ULUBERIA DAKSHIN,AITC,Pulak Roy,101880,50.37,BJP,Papia Dey (Adhikary),73442,36.31,28438,14.059999999999995,AITC Bloc,BJP,6 April 2021
179,Shyampur,SHYAMPUR,AITC,Kalipada Mandal,114804,51.74,BJP,Tanusree Chakraborty,83293,37.54,31511,14.200000000000003,AITC Bloc,BJP,6 April 2021
180,Bagnan,BAGNAN,AITC,Arunava Sen (Raja),106042,53.04,BJP,Anupam Mallik,75922,37.97,30120,15.07,AITC Bloc,BJP,6 April 2021
181,Amta,AMTA,AITC,Sukanta Kumar Paul,102445,49.06,BJP,Debtanu Bhattacharya,76240,36.51,26205,12.550000000000004,AITC Bloc,BJP,6 April 2021
182,Udaynarayanpur,UDAYNARAYANPUR,AITC,Samir Kumar Panja,101510,51.21,BJP,Sumit Ranjan Karar,87512,44.15,13998,7.060000000000002,AITC Bloc,BJP,6 April 2021
183,Jagatballavpur,JAGATBALLAVPUR,AITC,Sitanath Ghosh,116562,49.45,BJP,Anupam Ghosh,87366,37.06,29196,12.39,AITC Bloc,BJP,6 April 2021
184,Domjur,DOMJUR,AITC,Kalyan Ghosh,130499,52.0,BJP,Rajib Banerjee,87879,35.01,42620,16.990000000000002,AITC Bloc,BJP,10 April 2021
185,Uttarpara,UTTARPARA,AITC,Kanchan Mullick,93878,46.96,BJP,Prabir Kumar Ghosal,57889,28.96,35989,18.0,AITC Bloc,BJP,10 April 2021
186,Sreerampur,SREERAMPUR,AITC,Dr. Sudipto Roy,93021,49.46,BJP,Kabir Shankar Bose,69588,37.0,23433,12.46,AITC Bloc,BJP,10 April 2021
187,Champdani,CHAMPDANI,AITC,Arindam Guin (Bubai),100972,50.2,BJP,Dilip Singh,70894,35.25,30078,14.950000000000003,AITC Bloc,BJP,10 April 2021
188,Singur,SINGUR,AITC,Becharam Manna,101077,48.15,BJP,Rabindranath Bhattacharya,75154,35.8,25923,12.350000000000001,AITC Bloc,BJP,10 April 2021
189,Chandannagar,CHANDANNAGAR,AITC,Indranil Sen,86778,47.63,BJP,Deepanjan Kumar Guha,55749,30.6,31029,17.03,AITC Bloc,BJP,10 April 2021
190,Chunchura,CHUNCHURA,AITC,Asit Mazumder (Tapan),117104,45.97,BJP,Locket Chatterjee,98687,38.74,18417,7.229999999999997,AITC Bloc,BJP,10 April 2021
191,Balagarh (SC),BALAGARH (SC),AITC,Manoranjan Byapari,100364,45.63,BJP,Subhas Chandra Haldar,94580,43.0,5784,2.6300000000000026,AITC Bloc,BJP,10 April 2021
192,Pandua,PANDUA,AITC,Dr. Ratna De Nag,102874,45.99,BJP,Partha Sharma,71016,31.75,31858,14.240000000000002,AITC Bloc,BJP,10 April 2021
193,Saptagram,SAPTAGRAM,AITC,Tapan Dasgupta,93328,48.56,BJP,Debabrata Biswas,83556,43.48,9772,5.080000000000005,AITC Bloc,BJP,10 April 2021
194,Chanditala,CHANDITALA,AITC,Swati Khandoker,103118,49.79,BJP,Yash Dasgupta,61771,29.83,41347,19.96,AITC Bloc,BJP,10 April 2021
195,Jangipara,JANGIPARA,AITC,Snehasis Chakraborty,101885,48.42,BJP,Debjit Sarkar,83959,39.9,17926,8.520000000000003,AITC Bloc,BJP,6 April 2021
196,Haripal,HARIPAL,AITC,Dr. Karabi Manna,110215,49.92,BJP,Samiran Mitra,87143,39.47,23072,10.450000000000003,AITC Bloc,BJP,6 April 2021
197,Dhanekhali (SC),DHANEKHALI (SC),AITC,Asima Patra,124776,53.36,BJP,Tusar Kumar Majumdar,94617,40.46,30159,12.899999999999999,AITC Bloc,BJP,6 April 2021
198,Tarakeswar,TARAKESWAR,AITC,Ramendu Sinharay,96698,46.96,BJP,Dr. Swapan Dasgupta,89214,43.33,7484,3.6300000000000026,AITC Bloc,BJP,6 April 2021
199,Pursurah,PURSURAH,BJP,Biman Ghosh,119334,53.5,AITC,Dilip Yadav,91156,40.86,28178,12.64,BJP,AITC Bloc,6 April 2021
200,Arambagh (SC),ARAMBAGH (SC),BJP,Madhusudan Bag,103108,46.88,AITC,Sujata Mondal,95936,43.62,7172,3.260000000000005,BJP,AITC Bloc,6 April 2021
201,Goghat (SC),GOGHAT (SC),BJP,Biswanath Karak,102227,46.56,AITC,Manas Majumdar,98080,44.67,4147,1.8900000000000006,BJP,AITC Bloc,6 April 2021
202,Khanakul,KHANAKUL,BJP,Susanta Ghosh,107403,49.27,AITC,Munsi Nazbul Karim,94519,43.36,12884,5.910000000000004,BJP,AITC Bloc,6 April 2021
203,Tamluk,TAMLUK,AITC,Saumen Kumar Mahapatra,108243,45.86,BJP,Hare Krishna Bera,107450,45.52,793,0.3399999999999963,AITC Bloc,BJP,1 April 2021
204,Panskura Purba,PANSKURA PURBA,AITC,Biplab Roy Chowdhury,91213,45.97,BJP,Debabrata Pattanayek,81553,41.11,9660,4.859999999999999,AITC Bloc,BJP,1 April 2021
205,Panskura Paschim,PANSKURA PASCHIM,AITC,Phiroja Bibi,111705,47.71,BJP,Sintu Senapati,102816,43.91,8889,3.8000000000000043,AITC Bloc,BJP,1 April 2021
206,Moyna,MOYNA,BJP,Ashoke Dinda,108109,48.17,AITC,Sangram Kumar Dolai,106849,47.61,1260,0.5600000000000023,BJP,AITC Bloc,1 April 2021
207,Nandakumar,NANDAKUMAR,AITC,Sukumar De,108181,47.6,BJP,Nilanjan Adhikary,102775,45.22,5406,2.3800000000000026,AITC Bloc,BJP,1 April 2021
208,Mahisadal,MAHISADAL,AITC,Tilak Kumar Chakraborty,101986,46.49,BJP,Biswanath Banerjee,99600,45.41,2386,1.0800000000000054,AITC Bloc,BJP,1 April 2021
209,Haldia (SC),HALDIA (SC),BJP,Tapasi Mondal,104126,47.15,AITC,Swapan Naskar,89118,40.36,15008,6.789999999999999,BJP,AITC Bloc,1 April 2021
210,Nandigram [10][11][12][13],NANDIGRAM [10][11][12][13],BJP,Suvendu Adhikari,110764,48.49,AITC,Mamata Banerjee,108808,47.64,1956,0.8500000000000014,BJP,AITC Bloc,1 April 2021
211,Chandipur,CHANDIPUR,AITC,Soham Chakraborty,109770,49.82,BJP,Pulak Kanti Guria,96298,43.71,13472,6.109999999999999,AITC Bloc,BJP,1 April 2021
212,Patashpur,PATASHPUR,AITC,Uttam Barik,105299,50.42,BJP,Ambujaksha Mahanti,95305,45.64,9994,4.780000000000001,AITC Bloc,BJP,27 March 2021
213,Kanthi Uttar,KANTHI UTTAR,BJP,Sumita Sinha,113524,49.7,AITC,Tarun Kumar Jana,104194,45.62,9330,4.080000000000005,BJP,AITC Bloc,27 March 2021
214,Bhagabanpur,BHAGABANPUR,BJP,Rabindranath Maity,121480,54.46,AITC,Ardhendu Maity,93931,42.19,27549,12.270000000000003,BJP,AITC Bloc,27 March 2021
215,Khejuri (SC),KHEJURI (SC),BJP,Santanu Pramanik,110407,51.93,AITC,Partha Pratim Das,92442,43.48,17965,8.450000000000003,BJP,AITC Bloc,27 March 2021
216,Kanthi Dakshin,KANTHI DAKSHIN,BJP,Arup Kumar Das,98477,50.58,AITC,Jyotirmoy Kar,88184,45.3,10293,5.280000000000001,BJP,AITC Bloc,27 March 2021
217,Ramnagar,RAMNAGAR,AITC,Akhil Giri,112622,50.72,BJP,Swadesh Ranjan Nayak,100105,45.08,12517,5.640000000000001,AITC Bloc,BJP,27 March 2021
218,Egra,EGRA,AITC,Tarun Kumar Maity,125763,52.22,BJP,Arup Dash,107272,44.55,18491,7.670000000000002,AITC Bloc,BJP,27 March 2021
219,Dantan,DANTAN,AITC,Bikram Chandra Pradhan,94609,48.18,BJP,Saktipada Nayak,93834,47.79,775,0.39000000000000057,AITC Bloc,BJP,27 March 2021
220,Nayagram (ST),NAYAGRAM (ST),AITC,Dulal Murmu,99825,52.52,BJP,Bakul Murmu,77089,40.55,22736,11.970000000000006,AITC Bloc,BJP,27 March 2021
221,Gopiballavpur,GOPIBALLAVPUR,AITC,Dr. Khagendra Nath Mahata,102710,52.34,BJP,Sanjit Mahata,79106,40.31,23604,12.030000000000001,AITC Bloc,BJP,27 March 2021
222,Jhargram,JHARGRAM,AITC,Birbaha Hansda,108044,54.34,BJP,Sukhamay Satpathy (Jahar),70048,35.23,37996,19.110000000000007,AITC Bloc,BJP,27 March 2021
223,Keshiary (ST),KESHIARY (ST),AITC,Paresh Murmu,106366,50.01,BJP,Sonali Murmu,91036,42.8,15330,7.210000000000001,AITC Bloc,BJP,27 March 2021
224,Kharagpur Sadar,KHARAGPUR SADAR,BJP,Hiran Chatterjee,79607,46.45,AITC,Pradip Sarkar,75836,44.25,3771,2.200000000000003,BJP,AITC Bloc,1 April 2021
225,Narayangarh,NARAYANGARH,AITC,Suryakanta Atta,100894,46.33,BJP,Ramprasad Giri,98478,45.23,2416,1.1000000000000014,AITC Bloc,BJP,1 April 2021
226,Sabang,SABANG,AITC,Manas Bhunia,112098,47.46,BJP,Amulya Maity,102234,43.28,9864,4.18,AITC Bloc,BJP,1 April 2021
227,Pingla,PINGLA,AITC,Ajit Maity,112435,49.17,BJP,Antara Bhattacharya,105779,46.26,6656,2.9100000000000037,AITC Bloc,BJP,1 April 2021
228,Kharagpur,KHARAGPUR,AITC,Dinen Ray,109727,54.85,BJP,Tapan Bhuiya,73497,36.74,36230,18.11,AITC Bloc,BJP,27 March 2021
229,Debra,DEBRA,AITC,Humayun Kabir,95850,46.79,BJP,Bharati Ghosh,84624,41.31,11226,5.479999999999997,AITC Bloc,BJP,1 April 2021
230,Daspur,DASPUR,AITC,Mamata Bhunia,114753,51.58,BJP,Prashanth Bera,87911,39.52,26842,12.059999999999995,AITC Bloc,BJP,1 April 2021
231,Ghatal,GHATAL,BJP,Shital Kapat,105812,46.95,AITC,Shankar Dolai,104846,46.52,966,0.4299999999999997,BJP,AITC Bloc,1 April 2021
232,Chandrakona (SC),CHANDRAKONA (SC),AITC,Arup Dhara,121846,48.87,BJP,Shibram Das,110565,44.35,11281,4.519999999999996,AITC Bloc,BJP,1 April 2021
233,Garbeta,GARBETA,AITC,Uttara Singha,94928,45.71,BJP,Madan Ruidas,84356,40.62,10572,5.090000000000003,AITC Bloc,BJP,27 March 2021
234,Salboni,SALBONI,AITC,Srikanta Mahata,126020,50.57,BJP,Rajib Kundu,93376,37.47,32644,13.100000000000001,AITC Bloc,BJP,27 March 2021
235,Keshpur,KESHPUR,AITC,Siuli Saha,116992,50.81,BJP,Pritish Ranjan,96272,41.82,20720,8.990000000000002,AITC Bloc,BJP,1 April 2021
236,Medinipur,MEDINIPUR,AITC,June Malia,121175,50.72,BJP,Shamit Dash,96778,40.51,24397,10.21,AITC Bloc,BJP,27 March 2021
237,Binpur (ST),BINPUR (ST),AITC,Debnath Hansda,99786,53.18,BJP,Palan Saren,60213,32.09,39573,21.089999999999996,AITC Bloc,BJP,27 March 2021
238,Bandwan (ST),BANDWAN (ST),AITC,Rajib Lochan Saren,112183,47.07,BJP,Parsi Murmu,93298,39.14,18885,7.93,AITC Bloc,BJP,27 March 2021
239,Balarampur,BALARAMPUR,BJP,Baneswar Mahato,88803,45.17,AITC,Shantiram Mahato,88530,45.03,273,0.14000000000000057,BJP,AITC Bloc,27 March 2021
240,Baghmundi,BAGHMUNDI,AITC,Sushanta Mahato,75245,36.76,AJSU,Ashutosh Mahato,61510,30.05,13735,6.709999999999997,AITC Bloc,Others,27 March 2021
241,Joypur,JOYPUR,BJP,Narahari Mahato,73713,36.66,INC,Phanibhushan Kumar,61611,30.64,12102,6.019999999999996,BJP,Left-Cong-ISF Bloc,27 March 2021
242,Purulia,PURULIA,BJP,Sudip Kumar Mukherjee,88899,43.33,AITC,Sujoy Banerjee,82134,40.12,6585,3.210000000000001,BJP,AITC Bloc,27 March 2021
243,Manbazar (ST),MANBAZAR (ST),AITC,Sandhyarani Tudu,102169,48.39,BJP,Gouri Singh Sardar,86679,41.05,15490,7.340000000000003,AITC Bloc,BJP,27 March 2021
244,Kashipur,KASHIPUR,BJP,Kamalakanta Hansda,92061,47.68,AITC,Swapan Kumar Beltharia,84829,43.93,7240,3.75,BJP,AITC Bloc,27 March 2021
245,Para (SC),PARA (SC),BJP,Nadiar Chand Bouri,86930,45.01,AITC,Umapada Bauri,82986,42.96,3944,2.049999999999997,BJP,AITC Bloc,27 March 2021
246,Raghunathpur (SC),RAGHUNATHPUR (SC),BJP,Vivekananda Bauri,94994,44.59,AITC,Bouri Hazari,89671,42.04,5323,2.5500000000000043,BJP,AITC Bloc,27 March 2021
247,Saltora (SC),SALTORA (SC),BJP,Chandana Bauri,91648,45.28,AITC,Santosh Kumar Mondal,87503,43.23,4145,2.0500000000000043,BJP,AITC Bloc,27 March 2021
248,Chhatna,CHHATNA,BJP,Satyanarayan Mukhopadhyay,90233,45.84,AITC,Subasish Batabyal,83069,42.2,7164,3.6400000000000006,BJP,AITC Bloc,27 March 2021
249,Ranibandh (ST),RANIBANDH (ST),AITC,Jyotsna Mandi,90928,43.06,BJP,Kshudiram Tudu,86989,41.19,3939,1.8700000000000045,AITC Bloc,BJP,27 March 2021
250,Raipur (ST),RAIPUR (ST),AITC,Mrityunjoy Murmu,101043,51.96,BJP,Sudhanshu Hansda,81645,41.98,19398,9.980000000000004,AITC Bloc,BJP,27 March 2021
251,Taldangra,TALDANGRA,AITC,Arup Chakraborty,92026,45.29,BJP,Shyamal Kumar Sarkar,79649,39.2,12377,6.089999999999996,AITC Bloc,BJP,1 April 2021
252,Bankura,BANKURA,BJP,Niladri Sekhar Dana,95466,43.79,AITC,Sayantika Banerjee,93998,43.12,1468,0.6700000000000017,BJP,AITC Bloc,1 April 2021
253,Barjora,BARJORA,AITC,Alok Mukherjee,93290,42.51,BJP,Supriti Chatterjee,90021,41.02,3269,1.4899999999999949,AITC Bloc,BJP,1 April 2021
254,Onda,ONDA,BJP,Amarnath Shakha,104940,46.48,AITC,Arup Kumar Khan,93389,41.37,11551,5.109999999999999,BJP,AITC Bloc,1 April 2021
255,Bishnupur (Bankura),BISHNUPUR (BANKURA),BJP,Tanmay Ghosh,88743,46.79,AITC,Archita Bid,77610,40.92,11133,5.869999999999997,BJP,AITC Bloc,1 April 2021
256,Katulpur (SC),KATULPUR (SC),BJP,Harakali Protiher,106022,47.31,AITC,Sangeeta Malik,94237,42.05,11785,5.260000000000005,BJP,AITC Bloc,1 April 2021
257,Indas (SC),INDAS (SC),BJP,Nirmal Kumar Dhara,104936,48.04,AITC,Runu Mete,97716,44.73,7220,3.3100000000000023,BJP,AITC Bloc,1 April 2021
258,Sonamukhi (SC),SONAMUKHI (SC),BJP,Dibakar Gharami,98161,47.25,AITC,Dr Shyamal Santra,87273,42.01,10888,5.240000000000002,BJP,AITC Bloc,1 April 2021
259,Khandaghosh (SC),KHANDAGHOSH (SC),AITC,Nabin Chandra Bag,104264,47.85,BJP,Bijan Mandal,83378,38.26,20886,9.590000000000003,AITC Bloc,BJP,17 April 2021
260,Bardhaman Dakshin,BARDHAMAN DAKSHIN,AITC,Khokan Das,91015,44.32,BJP,Sandip Nandi,82910,40.38,8105,3.9399999999999977,AITC Bloc,BJP,17 April 2021
261,Raina (SC),RAINA (SC),AITC,Shampa Dhara,108752,47.46,BJP,Manik Roy,90547,39.51,18205,7.950000000000003,AITC Bloc,BJP,17 April 2021
262,Jamalpur (SC),JAMALPUR (SC),AITC,Alok Kumar Majhi,96999,46.93,BJP,Balaram Bapari,79028,38.24,17971,8.689999999999998,AITC Bloc,BJP,17 April 2021
263,Manteswar,MANTESWAR,AITC,Chowdhury Siddiqullah,105460,50.45,BJP,Saikat Panja,73655,35.24,31805,15.21,AITC Bloc,BJP,17 April 2021
264,Kalna (SC),KALNA (SC),AITC,Deboprasad Bag (Poltu),96073,45.98,BJP,Biswajit Kundu,88595,42.4,7478,3.5799999999999983,AITC Bloc,BJP,17 April 2021
265,Memari,MEMARI,AITC,Madhusudan Bhattacharya,104851,47.92,BJP,Bhismadeb Bhattacharya,81773,37.37,23078,10.550000000000004,AITC Bloc,BJP,17 April 2021
266,Bardhaman Uttar (SC),BARDHAMAN UTTAR (SC),AITC,Nisith Kumar Malik,111211,45.97,BJP,Radha Kanta Roy,93943,38.83,17268,7.140000000000001,AITC Bloc,BJP,17 April 2021
267,Bhatar,BHATAR,AITC,Adhikari Mangobinda,108028,50.44,BJP,Mahendranath Kowar,76287,35.62,31741,14.82,AITC Bloc,BJP,22 April 2021
268,Purbasthali Dakshin,PURBASTHALI DAKSHIN,AITC,Swapan Debnath,105698,49.08,BJP,Rajib Kumar Bhowmick,88288,41.0,17410,8.079999999999998,AITC Bloc,BJP,22 April 2021
269,Purbasthali Uttar,PURBASTHALI UTTAR,AITC,Tapan Chatterjee,92421,43.52,BJP,Gobardhan Das,85715,40.37,6706,3.1500000000000057,AITC Bloc,BJP,22 April 2021
270,Katwa,KATWA,AITC,Rabindranath Chatterjee,107894,48.07,BJP,Shyama Majumdar,98739,43.99,9155,4.079999999999998,AITC Bloc,BJP,22 April 2021
271,Ketugram,KETUGRAM,AITC,Sekh Sahonawez,100226,46.55,BJP,Anadi Ghosh (Mathura),87543,40.66,12683,5.890000000000001,AITC Bloc,BJP,22 April 2021
272,Mangalkot,MANGALKOT,AITC,Apurba Chowdhury (Achal),107596,49.51,BJP,Rana Protap Goswami,85259,39.23,22337,10.280000000000001,AITC Bloc,BJP,22 April 2021
273,Ausgram (SC),AUSGRAM (SC),AITC,Abhedananda Thander,100392,46.25,BJP,Kalita Maji,88577,40.8,11815,5.450000000000003,AITC Bloc,BJP,22 April 2021
274,Galsi (SC),GALSI (SC),AITC,Nepal Ghorui,109504,49.21,BJP,Bikash Biswas,90242,40.55,19262,8.660000000000004,AITC Bloc,BJP,22 April 2021
275,Pandaveswar,PANDAVESWAR,AITC,Narendranath Chakraborty,73922,44.99,BJP,Jitendra Tiwari,70119,42.68,3803,2.3100000000000023,AITC Bloc,BJP,26 April 2021
276,Durgapur Purba,DURGAPUR PURBA,AITC,Pradip Mazumdar,79303,41.16,BJP,Colonel Diptansu Chaudhury,75557,39.21,3746,1.9499999999999957,AITC Bloc,BJP,26 April 2021
277,Durgapur Paschim,DURGAPUR PASCHIM,BJP,Lakshman Chandra Ghorui,91186,46.31,AITC,Biswanath Parial,76522,38.86,14664,7.450000000000003,BJP,AITC Bloc,26 April 2021
278,Raniganj,RANIGANJ,AITC,Tapas Banerjee,78164,42.9,BJP,Dr. Bijan Mukherjee,74608,40.95,3556,1.9499999999999957,AITC Bloc,BJP,26 April 2021
279,Jamuria,JAMURIA,AITC,Hareram Singh,71002,42.59,BJP,Tapas Kumar Roy,62951,37.76,8051,4.830000000000005,AITC Bloc,BJP,26 April 2021
280,Asansol Dakshin,ASANSOL DAKSHIN,BJP,Agnimitra Paul,87881,45.13,AITC,Sayani Ghosh,83394,42.82,4487,2.3100000000000023,BJP,AITC Bloc,26 April 2021
281,Asansol Uttar,ASANSOL UTTAR,AITC,Moloy Ghatak,100931,52.32,BJP,Krishnendu Mukherjee,79821,41.38,21110,10.939999999999998,AITC Bloc,BJP,26 April 2021
282,Kulti,KULTI,BJP,Ajay Kumar Poddar,81112,46.41,AITC,Ujjal Chatterjee,80433,46.02,679,0.38999999999999346,BJP,AITC Bloc,26 April 2021
283,Barabani,BARABANI,AITC,Bidhan Upadhyay,88430,52.26,BJP,Arijit Roy,64973,38.4,23457,13.86,AITC Bloc,BJP,26 April 2021
284,Dubrajpur (SC),DUBRAJPUR (SC),BJP,Anup Kumar Saha,98083,47.94,AITC,Debabrata Saha,94220,46.05,3863,1.8900000000000006,BJP,AITC Bloc,29 April 2021
285,Suri,SURI,AITC,Bikash Roychoudhury,105871,48.43,BJP,Jagannath Chattopadhyay,98551,45.08,7320,3.3500000000000014,AITC Bloc,BJP,29 April 2021
286,Bolpur,BOLPUR,AITC,Sinha Chandranath,116443,50.57,BJP,Anirban Ganguly,94163,40.89,22280,9.68,AITC Bloc,BJP,29 April 2021
287,Nanoor (SC),NANOOR (SC),AITC,Bidhan Chandra Majhi,112116,47.64,BJP,Tarakeswar Saha,105446,44.81,6670,2.8299999999999983,AITC Bloc,BJP,29 April 2021
288,Labpur,LABPUR,AITC,Abhijit Sinha (Rana),108423,51.14,BJP,Biswajit Mondal,90448,42.66,17975,8.480000000000004,AITC Bloc,BJP,29 April 2021
289,Sainthia (SC),SAINTHIA (SC),AITC,Nilabati Saha,110572,49.84,BJP,Piya Saha,95329,42.97,15243,6.8700000000000045,AITC Bloc,BJP,29 April 2021
290,Mayureswar,MAYURESWAR,AITC,Abhijit Roy,100425,50.36,BJP,Shyamapada Mondal,88350,44.3,12075,6.060000000000002,AITC Bloc,BJP,29 April 2021
291,Rampurhat,RAMPURHAT,AITC,Asish Banerjee,103276,47.52,BJP,Subhasis Choudhury (Khokan),94804,43.62,8472,3.9000000000000057,AITC Bloc,BJP,29 April 2021
292,Hansan,HANSAN,AITC,Dr. Asok Kumar Chattopadhyay,108289,51.42,BJP,Nikhil Banerjee,57676,27.39,50613,24.03,AITC Bloc,BJP,29 April 2021
293,Nalhati,NALHATI,AITC,Rajendra Prasad Singh (Raju Singh),117438,56.54,BJP,Tapas Kumar Yadav (Ananda Yadav),60533,29.15,56905,27.39,AITC Bloc,BJP,29 April 2021
294,Murarai,MURARAI,AITC,Dr Mosarraf Hossain,146496,67.23,BJP,Debasish Roy,48250,22.14,98246,45.09,AITC Bloc,BJP,29 April 2021
